Date,implied_volatility_call_120,source
2023-05-10,1.1899312189800983,proxy_ewma_realized_vol_120_plus_10pct
2023-05-11,1.1858747345896559,proxy_ewma_realized_vol_120_plus_10pct
2023-05-12,1.1827182736635402,proxy_ewma_realized_vol_120_plus_10pct
2023-05-13,1.1781043619997333,proxy_ewma_realized_vol_120_plus_10pct
2023-05-14,1.150779422743214,proxy_ewma_realized_vol_120_plus_10pct
2023-05-15,1.126864060147075,proxy_ewma_realized_vol_120_plus_10pct
2023-05-16,1.1062763214984217,proxy_ewma_realized_vol_120_plus_10pct
2023-05-17,1.0884519602895033,proxy_ewma_realized_vol_120_plus_10pct
2023-05-18,1.0715137236838834,proxy_ewma_realized_vol_120_plus_10pct
2023-05-19,1.056623963102657,proxy_ewma_realized_vol_120_plus_10pct
2023-05-20,1.0351988515504031,proxy_ewma_realized_vol_120_plus_10pct
2023-05-21,1.0163700560895579,proxy_ewma_realized_vol_120_plus_10pct
2023-05-22,0.9997531957296019,proxy_ewma_realized_vol_120_plus_10pct
2023-05-23,0.9852412903707957,proxy_ewma_realized_vol_120_plus_10pct
2023-05-24,0.9718568026745671,proxy_ewma_realized_vol_120_plus_10pct
2023-05-25,0.9585827222163219,proxy_ewma_realized_vol_120_plus_10pct
2023-05-26,0.9467821735565123,proxy_ewma_realized_vol_120_plus_10pct
2023-05-27,0.9369627428972751,proxy_ewma_realized_vol_120_plus_10pct
2023-05-28,0.928220425297457,proxy_ewma_realized_vol_120_plus_10pct
2023-05-29,0.9186142073905476,proxy_ewma_realized_vol_120_plus_10pct
2023-05-30,0.9087231640597165,proxy_ewma_realized_vol_120_plus_10pct
2023-05-31,0.8999565619106034,proxy_ewma_realized_vol_120_plus_10pct
2023-06-01,0.8917110855075653,proxy_ewma_realized_vol_120_plus_10pct
2023-06-02,0.8844466359975548,proxy_ewma_realized_vol_120_plus_10pct
2023-06-03,0.877859347754536,proxy_ewma_realized_vol_120_plus_10pct
2023-06-04,0.8721181564761356,proxy_ewma_realized_vol_120_plus_10pct
2023-06-05,0.868102487921593,proxy_ewma_realized_vol_120_plus_10pct
2023-06-06,0.8643083753840022,proxy_ewma_realized_vol_120_plus_10pct
2023-06-07,0.8619116113891377,proxy_ewma_realized_vol_120_plus_10pct
2023-06-08,0.8596510661263309,proxy_ewma_realized_vol_120_plus_10pct
2023-06-09,0.8560183611692129,proxy_ewma_realized_vol_120_plus_10pct
2023-06-10,0.854778790557399,proxy_ewma_realized_vol_120_plus_10pct
2023-06-11,0.8533860036679597,proxy_ewma_realized_vol_120_plus_10pct
2023-06-12,0.8519874162678289,proxy_ewma_realized_vol_120_plus_10pct
2023-06-13,0.8505463270932803,proxy_ewma_realized_vol_120_plus_10pct
2023-06-14,0.8489008385459856,proxy_ewma_realized_vol_120_plus_10pct
2023-06-15,0.845466276343061,proxy_ewma_realized_vol_120_plus_10pct
2023-06-16,0.8418135742126002,proxy_ewma_realized_vol_120_plus_10pct
2023-06-17,0.8382613378341915,proxy_ewma_realized_vol_120_plus_10pct
2023-06-18,0.8350217087226516,proxy_ewma_realized_vol_120_plus_10pct
2023-06-19,0.8317023693885398,proxy_ewma_realized_vol_120_plus_10pct
2023-06-20,0.8283017666683202,proxy_ewma_realized_vol_120_plus_10pct
2023-06-21,0.8251477347873425,proxy_ewma_realized_vol_120_plus_10pct
2023-06-22,0.8223639779096588,proxy_ewma_realized_vol_120_plus_10pct
2023-06-23,0.8200660481949056,proxy_ewma_realized_vol_120_plus_10pct
2023-06-24,0.8179014176405481,proxy_ewma_realized_vol_120_plus_10pct
2023-06-25,0.8159424841356305,proxy_ewma_realized_vol_120_plus_10pct
2023-06-26,0.8142519135464249,proxy_ewma_realized_vol_120_plus_10pct
2023-06-27,0.8127374374431295,proxy_ewma_realized_vol_120_plus_10pct
2023-06-28,0.8114268594982524,proxy_ewma_realized_vol_120_plus_10pct
2023-06-29,0.8134901599789359,proxy_ewma_realized_vol_120_plus_10pct
2023-06-30,0.8158309813679542,proxy_ewma_realized_vol_120_plus_10pct
2023-07-01,0.8178275363322502,proxy_ewma_realized_vol_120_plus_10pct
2023-07-02,0.8199077033102984,proxy_ewma_realized_vol_120_plus_10pct
2023-07-03,0.8218148651207882,proxy_ewma_realized_vol_120_plus_10pct
2023-07-04,0.8234881072442857,proxy_ewma_realized_vol_120_plus_10pct
2023-07-05,0.8249381137586921,proxy_ewma_realized_vol_120_plus_10pct
2023-07-06,0.8247988108794035,proxy_ewma_realized_vol_120_plus_10pct
2023-07-07,0.8254596718255425,proxy_ewma_realized_vol_120_plus_10pct
2023-07-08,0.8255367974635773,proxy_ewma_realized_vol_120_plus_10pct
2023-07-09,0.8257437530908341,proxy_ewma_realized_vol_120_plus_10pct
2023-07-10,0.8231667792345668,proxy_ewma_realized_vol_120_plus_10pct
2023-07-11,0.8211061011187668,proxy_ewma_realized_vol_120_plus_10pct
2023-07-12,0.8191349858613839,proxy_ewma_realized_vol_120_plus_10pct
2023-07-13,0.8230268864359306,proxy_ewma_realized_vol_120_plus_10pct
2023-07-14,0.8265878126823312,proxy_ewma_realized_vol_120_plus_10pct
2023-07-15,0.8281021851431608,proxy_ewma_realized_vol_120_plus_10pct
2023-07-16,0.829364425281741,proxy_ewma_realized_vol_120_plus_10pct
2023-07-17,0.830404511482144,proxy_ewma_realized_vol_120_plus_10pct
2023-07-18,0.8318829843717671,proxy_ewma_realized_vol_120_plus_10pct
2023-07-19,0.8333464598849469,proxy_ewma_realized_vol_120_plus_10pct
2023-07-20,0.8344293563846323,proxy_ewma_realized_vol_120_plus_10pct
2023-07-21,0.8351960159222388,proxy_ewma_realized_vol_120_plus_10pct
2023-07-22,0.8351827461040935,proxy_ewma_realized_vol_120_plus_10pct
2023-07-23,0.835142969218075,proxy_ewma_realized_vol_120_plus_10pct
2023-07-24,0.8356958256528848,proxy_ewma_realized_vol_120_plus_10pct
2023-07-25,0.8356312733981863,proxy_ewma_realized_vol_120_plus_10pct
2023-07-26,0.8367576597100173,proxy_ewma_realized_vol_120_plus_10pct
2023-07-27,0.8376082372863318,proxy_ewma_realized_vol_120_plus_10pct
2023-07-28,0.8382356809347541,proxy_ewma_realized_vol_120_plus_10pct
2023-07-29,0.838664714225942,proxy_ewma_realized_vol_120_plus_10pct
2023-07-30,0.8393313767343065,proxy_ewma_realized_vol_120_plus_10pct
2023-07-31,0.8399478149666478,proxy_ewma_realized_vol_120_plus_10pct
2023-08-01,0.840515819947769,proxy_ewma_realized_vol_120_plus_10pct
2023-08-02,0.8412239271570577,proxy_ewma_realized_vol_120_plus_10pct
2023-08-03,0.8419800876279103,proxy_ewma_realized_vol_120_plus_10pct
2023-08-04,0.8425990456428826,proxy_ewma_realized_vol_120_plus_10pct
2023-08-05,0.8431600465942004,proxy_ewma_realized_vol_120_plus_10pct
2023-08-06,0.8436641832087124,proxy_ewma_realized_vol_120_plus_10pct
2023-08-07,0.844104347619733,proxy_ewma_realized_vol_120_plus_10pct
2023-08-08,0.8448247600688273,proxy_ewma_realized_vol_120_plus_10pct
2023-08-09,0.8433511206420917,proxy_ewma_realized_vol_120_plus_10pct
2023-08-10,0.8416763565350968,proxy_ewma_realized_vol_120_plus_10pct
2023-08-11,0.8400945839067837,proxy_ewma_realized_vol_120_plus_10pct
2023-08-12,0.8386593218364689,proxy_ewma_realized_vol_120_plus_10pct
2023-08-13,0.8373446733686398,proxy_ewma_realized_vol_120_plus_10pct
2023-08-14,0.8358471449793644,proxy_ewma_realized_vol_120_plus_10pct
2023-08-15,0.8348090014130997,proxy_ewma_realized_vol_120_plus_10pct
2023-08-16,0.8342862729426991,proxy_ewma_realized_vol_120_plus_10pct
2023-08-17,0.8327199593101736,proxy_ewma_realized_vol_120_plus_10pct
2023-08-18,0.8312477885796179,proxy_ewma_realized_vol_120_plus_10pct
2023-08-19,0.8296775189509311,proxy_ewma_realized_vol_120_plus_10pct
2023-08-20,0.8281339673313903,proxy_ewma_realized_vol_120_plus_10pct
2023-08-21,0.8268351438377028,proxy_ewma_realized_vol_120_plus_10pct
2023-08-22,0.8258732324120551,proxy_ewma_realized_vol_120_plus_10pct
2023-08-23,0.8255442022008198,proxy_ewma_realized_vol_120_plus_10pct
2023-08-24,0.8252665808373749,proxy_ewma_realized_vol_120_plus_10pct
2023-08-25,0.82469460252593,proxy_ewma_realized_vol_120_plus_10pct
2023-08-26,0.8237219224270906,proxy_ewma_realized_vol_120_plus_10pct
2023-08-27,0.8229681854961747,proxy_ewma_realized_vol_120_plus_10pct
2023-08-28,0.822263320248437,proxy_ewma_realized_vol_120_plus_10pct
2023-08-29,0.8220840963554765,proxy_ewma_realized_vol_120_plus_10pct
2023-08-30,0.822303098691536,proxy_ewma_realized_vol_120_plus_10pct
2023-08-31,0.8230950483065993,proxy_ewma_realized_vol_120_plus_10pct
2023-09-01,0.8237998011327116,proxy_ewma_realized_vol_120_plus_10pct
2023-09-02,0.8239032469594781,proxy_ewma_realized_vol_120_plus_10pct
2023-09-03,0.8237089956126311,proxy_ewma_realized_vol_120_plus_10pct
2023-09-04,0.8235294141720356,proxy_ewma_realized_vol_120_plus_10pct
2023-09-05,0.8230618958340069,proxy_ewma_realized_vol_120_plus_10pct
2023-09-06,0.822868148676294,proxy_ewma_realized_vol_120_plus_10pct
2023-09-07,0.8226969668783992,proxy_ewma_realized_vol_120_plus_10pct
2023-09-08,0.8223314051986443,proxy_ewma_realized_vol_120_plus_10pct
2023-09-09,0.8217772969280448,proxy_ewma_realized_vol_120_plus_10pct
2023-09-10,0.822088153249136,proxy_ewma_realized_vol_120_plus_10pct
2023-09-11,0.8225259399707399,proxy_ewma_realized_vol_120_plus_10pct
2023-09-12,0.8229474160371221,proxy_ewma_realized_vol_120_plus_10pct
2023-09-13,0.8234325217991146,proxy_ewma_realized_vol_120_plus_10pct
2023-09-14,0.8239157239046536,proxy_ewma_realized_vol_120_plus_10pct
2023-09-15,0.8241685737058434,proxy_ewma_realized_vol_120_plus_10pct
2023-09-16,0.8243979775196957,proxy_ewma_realized_vol_120_plus_10pct
2023-09-17,0.8246600441811247,proxy_ewma_realized_vol_120_plus_10pct
2023-09-18,0.8250553798032128,proxy_ewma_realized_vol_120_plus_10pct
2023-09-19,0.8254813156761082,proxy_ewma_realized_vol_120_plus_10pct
2023-09-20,0.8257696221233336,proxy_ewma_realized_vol_120_plus_10pct
2023-09-21,0.8260266601110593,proxy_ewma_realized_vol_120_plus_10pct
2023-09-22,0.8262608284716714,proxy_ewma_realized_vol_120_plus_10pct
2023-09-23,0.8264682026917388,proxy_ewma_realized_vol_120_plus_10pct
2023-09-24,0.8260360888009829,proxy_ewma_realized_vol_120_plus_10pct
2023-09-25,0.825575454300478,proxy_ewma_realized_vol_120_plus_10pct
2023-09-26,0.8252197066266796,proxy_ewma_realized_vol_120_plus_10pct
2023-09-27,0.8246778716455606,proxy_ewma_realized_vol_120_plus_10pct
2023-09-28,0.8244990518243908,proxy_ewma_realized_vol_120_plus_10pct
2023-09-29,0.824341874077877,proxy_ewma_realized_vol_120_plus_10pct
2023-09-30,0.8245263501399342,proxy_ewma_realized_vol_120_plus_10pct
2023-10-01,0.827361807138122,proxy_ewma_realized_vol_120_plus_10pct
2023-10-02,0.8298357391015342,proxy_ewma_realized_vol_120_plus_10pct
2023-10-03,0.8306885087065277,proxy_ewma_realized_vol_120_plus_10pct
2023-10-04,0.8314962331002953,proxy_ewma_realized_vol_120_plus_10pct
2023-10-05,0.830656756754038,proxy_ewma_realized_vol_120_plus_10pct
2023-10-06,0.8300543174491914,proxy_ewma_realized_vol_120_plus_10pct
2023-10-07,0.8280076623185859,proxy_ewma_realized_vol_120_plus_10pct
2023-10-08,0.823819837153979,proxy_ewma_realized_vol_120_plus_10pct
2023-10-09,0.8206228387163987,proxy_ewma_realized_vol_120_plus_10pct
2023-10-10,0.8175715262810616,proxy_ewma_realized_vol_120_plus_10pct
2023-10-11,0.8147716703948519,proxy_ewma_realized_vol_120_plus_10pct
2023-10-12,0.8121833134873945,proxy_ewma_realized_vol_120_plus_10pct
2023-10-13,0.8098921873105308,proxy_ewma_realized_vol_120_plus_10pct
2023-10-14,0.80757339895339,proxy_ewma_realized_vol_120_plus_10pct
2023-10-15,0.8054093857065094,proxy_ewma_realized_vol_120_plus_10pct
2023-10-16,0.8051896949042765,proxy_ewma_realized_vol_120_plus_10pct
2023-10-17,0.8046963461568442,proxy_ewma_realized_vol_120_plus_10pct
2023-10-18,0.8041820037003922,proxy_ewma_realized_vol_120_plus_10pct
2023-10-19,0.8042751924436741,proxy_ewma_realized_vol_120_plus_10pct
2023-10-20,0.8053999716471755,proxy_ewma_realized_vol_120_plus_10pct
2023-10-21,0.8077230886270952,proxy_ewma_realized_vol_120_plus_10pct
2023-10-22,0.8096375984195806,proxy_ewma_realized_vol_120_plus_10pct
2023-10-23,0.8130887778589713,proxy_ewma_realized_vol_120_plus_10pct
2023-10-24,0.816478898115155,proxy_ewma_realized_vol_120_plus_10pct
2023-10-25,0.8205263220075255,proxy_ewma_realized_vol_120_plus_10pct
2023-10-26,0.8237786412483112,proxy_ewma_realized_vol_120_plus_10pct
2023-10-27,0.8240974190193797,proxy_ewma_realized_vol_120_plus_10pct
2023-10-28,0.8239399694535795,proxy_ewma_realized_vol_120_plus_10pct
2023-10-29,0.823954525359527,proxy_ewma_realized_vol_120_plus_10pct
2023-10-30,0.8244565812151132,proxy_ewma_realized_vol_120_plus_10pct
2023-10-31,0.8267758507854339,proxy_ewma_realized_vol_120_plus_10pct
2023-11-01,0.829843008477548,proxy_ewma_realized_vol_120_plus_10pct
2023-11-02,0.8328592354722263,proxy_ewma_realized_vol_120_plus_10pct
2023-11-03,0.8354965455487827,proxy_ewma_realized_vol_120_plus_10pct
2023-11-04,0.8373529999352736,proxy_ewma_realized_vol_120_plus_10pct
2023-11-05,0.8392243101858455,proxy_ewma_realized_vol_120_plus_10pct
2023-11-06,0.8407844894882823,proxy_ewma_realized_vol_120_plus_10pct
2023-11-07,0.8422370080001788,proxy_ewma_realized_vol_120_plus_10pct
2023-11-08,0.8433686921694017,proxy_ewma_realized_vol_120_plus_10pct
2023-11-09,0.8447923906109667,proxy_ewma_realized_vol_120_plus_10pct
2023-11-10,0.8512526889602442,proxy_ewma_realized_vol_120_plus_10pct
2023-11-11,0.8570744987400974,proxy_ewma_realized_vol_120_plus_10pct
2023-11-12,0.8622893820850233,proxy_ewma_realized_vol_120_plus_10pct
2023-11-13,0.8682986847408136,proxy_ewma_realized_vol_120_plus_10pct
2023-11-14,0.8750901069357815,proxy_ewma_realized_vol_120_plus_10pct
2023-11-15,0.8845052974456358,proxy_ewma_realized_vol_120_plus_10pct
2023-11-16,0.8957231874356496,proxy_ewma_realized_vol_120_plus_10pct
2023-11-17,0.9055048822504606,proxy_ewma_realized_vol_120_plus_10pct
2023-11-18,0.9143618285706551,proxy_ewma_realized_vol_120_plus_10pct
2023-11-19,0.922265048790754,proxy_ewma_realized_vol_120_plus_10pct
2023-11-20,0.9307633352712437,proxy_ewma_realized_vol_120_plus_10pct
2023-11-21,0.9390939177190001,proxy_ewma_realized_vol_120_plus_10pct
2023-11-22,0.9482970225516766,proxy_ewma_realized_vol_120_plus_10pct
2023-11-23,0.9558169367644745,proxy_ewma_realized_vol_120_plus_10pct
2023-11-24,0.9626015325197681,proxy_ewma_realized_vol_120_plus_10pct
2023-11-25,0.9688051347408213,proxy_ewma_realized_vol_120_plus_10pct
2023-11-26,0.9745552185585095,proxy_ewma_realized_vol_120_plus_10pct
2023-11-27,0.9799014626212436,proxy_ewma_realized_vol_120_plus_10pct
2023-11-28,0.9849813615773702,proxy_ewma_realized_vol_120_plus_10pct
2023-11-29,0.9895911968152462,proxy_ewma_realized_vol_120_plus_10pct
2023-11-30,0.9934381556030918,proxy_ewma_realized_vol_120_plus_10pct
2023-12-01,0.9967520654885336,proxy_ewma_realized_vol_120_plus_10pct
2023-12-02,1.000322766987208,proxy_ewma_realized_vol_120_plus_10pct
2023-12-03,1.0035889798061932,proxy_ewma_realized_vol_120_plus_10pct
2023-12-04,1.006697958107755,proxy_ewma_realized_vol_120_plus_10pct
2023-12-05,1.0095306705124087,proxy_ewma_realized_vol_120_plus_10pct
2023-12-06,1.0118205250670032,proxy_ewma_realized_vol_120_plus_10pct
2023-12-07,1.0151624406929738,proxy_ewma_realized_vol_120_plus_10pct
2023-12-08,1.0197129561889535,proxy_ewma_realized_vol_120_plus_10pct
2023-12-09,1.0241742191417333,proxy_ewma_realized_vol_120_plus_10pct
2023-12-10,1.0283010979828797,proxy_ewma_realized_vol_120_plus_10pct
2023-12-11,1.0325813524154686,proxy_ewma_realized_vol_120_plus_10pct
2023-12-12,1.0365435635237035,proxy_ewma_realized_vol_120_plus_10pct
2023-12-13,1.0396273069286794,proxy_ewma_realized_vol_120_plus_10pct
2023-12-14,1.0424474214613773,proxy_ewma_realized_vol_120_plus_10pct
2023-12-15,1.0448989065596943,proxy_ewma_realized_vol_120_plus_10pct
2023-12-16,1.0469829844264957,proxy_ewma_realized_vol_120_plus_10pct
2023-12-17,1.0491704141026068,proxy_ewma_realized_vol_120_plus_10pct
2023-12-18,1.0513183755987832,proxy_ewma_realized_vol_120_plus_10pct
2023-12-19,1.0531763385727813,proxy_ewma_realized_vol_120_plus_10pct
2023-12-20,1.0566679716130123,proxy_ewma_realized_vol_120_plus_10pct
2023-12-21,1.062183677257026,proxy_ewma_realized_vol_120_plus_10pct
2023-12-22,1.0670007696281427,proxy_ewma_realized_vol_120_plus_10pct
2023-12-23,1.0721280198804448,proxy_ewma_realized_vol_120_plus_10pct
2023-12-24,1.0768385619913,proxy_ewma_realized_vol_120_plus_10pct
2023-12-25,1.081673420669833,proxy_ewma_realized_vol_120_plus_10pct
2023-12-26,1.0870834832220115,proxy_ewma_realized_vol_120_plus_10pct
2023-12-27,1.092336650384373,proxy_ewma_realized_vol_120_plus_10pct
2023-12-28,1.0971361826075225,proxy_ewma_realized_vol_120_plus_10pct
2023-12-29,1.1008686310094467,proxy_ewma_realized_vol_120_plus_10pct
2023-12-30,1.1045560734327973,proxy_ewma_realized_vol_120_plus_10pct
2023-12-31,1.107939137044421,proxy_ewma_realized_vol_120_plus_10pct
2024-01-01,1.11159978224114,proxy_ewma_realized_vol_120_plus_10pct
2024-01-02,1.1151259418343185,proxy_ewma_realized_vol_120_plus_10pct
2024-01-03,1.1194755287795501,proxy_ewma_realized_vol_120_plus_10pct
2024-01-04,1.1234602994765306,proxy_ewma_realized_vol_120_plus_10pct
2024-01-05,1.1276829908142996,proxy_ewma_realized_vol_120_plus_10pct
2024-01-06,1.1322447838412835,proxy_ewma_realized_vol_120_plus_10pct
2024-01-07,1.1368981958001916,proxy_ewma_realized_vol_120_plus_10pct
2024-01-08,1.141200321895518,proxy_ewma_realized_vol_120_plus_10pct
2024-01-09,1.1448067910637265,proxy_ewma_realized_vol_120_plus_10pct
2024-01-10,1.1480816931180091,proxy_ewma_realized_vol_120_plus_10pct
2024-01-11,1.1512300733166876,proxy_ewma_realized_vol_120_plus_10pct
2024-01-12,1.1554737741641767,proxy_ewma_realized_vol_120_plus_10pct
2024-01-13,1.1594346290273627,proxy_ewma_realized_vol_120_plus_10pct
2024-01-14,1.163126175726216,proxy_ewma_realized_vol_120_plus_10pct
2024-01-15,1.1663416704560805,proxy_ewma_realized_vol_120_plus_10pct
2024-01-16,1.1691770781143085,proxy_ewma_realized_vol_120_plus_10pct
2024-01-17,1.1718758316400648,proxy_ewma_realized_vol_120_plus_10pct
2024-01-18,1.1755431102678773,proxy_ewma_realized_vol_120_plus_10pct
2024-01-19,1.1784970665060364,proxy_ewma_realized_vol_120_plus_10pct
2024-01-20,1.1812088216796788,proxy_ewma_realized_vol_120_plus_10pct
2024-01-21,1.1837996455508717,proxy_ewma_realized_vol_120_plus_10pct
2024-01-22,1.1873673897052524,proxy_ewma_realized_vol_120_plus_10pct
2024-01-23,1.1905786314978217,proxy_ewma_realized_vol_120_plus_10pct
2024-01-24,1.1935344151101732,proxy_ewma_realized_vol_120_plus_10pct
2024-01-25,1.1963765139273461,proxy_ewma_realized_vol_120_plus_10pct
2024-01-26,1.1991814831631735,proxy_ewma_realized_vol_120_plus_10pct
2024-01-27,1.2017207152011504,proxy_ewma_realized_vol_120_plus_10pct
2024-01-28,1.203795172468908,proxy_ewma_realized_vol_120_plus_10pct
2024-01-29,1.2045065085045392,proxy_ewma_realized_vol_120_plus_10pct
2024-01-30,1.2050197473923288,proxy_ewma_realized_vol_120_plus_10pct
2024-01-31,1.205960613476473,proxy_ewma_realized_vol_120_plus_10pct
2024-02-01,1.206676787722386,proxy_ewma_realized_vol_120_plus_10pct
2024-02-02,1.2071859636455313,proxy_ewma_realized_vol_120_plus_10pct
2024-02-03,1.2078228372383424,proxy_ewma_realized_vol_120_plus_10pct
2024-02-04,1.2085552551560514,proxy_ewma_realized_vol_120_plus_10pct
2024-02-05,1.209207756229021,proxy_ewma_realized_vol_120_plus_10pct
2024-02-06,1.2092335180277287,proxy_ewma_realized_vol_120_plus_10pct
2024-02-07,1.2093425739159989,proxy_ewma_realized_vol_120_plus_10pct
2024-02-08,1.2093911442826755,proxy_ewma_realized_vol_120_plus_10pct
2024-02-09,1.2092081076393526,proxy_ewma_realized_vol_120_plus_10pct
2024-02-10,1.209032223222665,proxy_ewma_realized_vol_120_plus_10pct
2024-02-11,1.2089976297150677,proxy_ewma_realized_vol_120_plus_10pct
2024-02-12,1.209017353397953,proxy_ewma_realized_vol_120_plus_10pct
2024-02-13,1.208130623213226,proxy_ewma_realized_vol_120_plus_10pct
2024-02-14,1.2073794884027576,proxy_ewma_realized_vol_120_plus_10pct
2024-02-15,1.2067704025419723,proxy_ewma_realized_vol_120_plus_10pct
2024-02-16,1.2061265151627572,proxy_ewma_realized_vol_120_plus_10pct
2024-02-17,1.2049186428681964,proxy_ewma_realized_vol_120_plus_10pct
2024-02-18,1.2030508237588253,proxy_ewma_realized_vol_120_plus_10pct
2024-02-19,1.2013235182614586,proxy_ewma_realized_vol_120_plus_10pct
2024-02-20,1.1989208507102638,proxy_ewma_realized_vol_120_plus_10pct
2024-02-21,1.196380044934269,proxy_ewma_realized_vol_120_plus_10pct
2024-02-22,1.193737192374944,proxy_ewma_realized_vol_120_plus_10pct
2024-02-23,1.191462589020546,proxy_ewma_realized_vol_120_plus_10pct
2024-02-24,1.1892709423558554,proxy_ewma_realized_vol_120_plus_10pct
2024-02-25,1.1873065050499965,proxy_ewma_realized_vol_120_plus_10pct
2024-02-26,1.1858240658980201,proxy_ewma_realized_vol_120_plus_10pct
2024-02-27,1.1841397970699452,proxy_ewma_realized_vol_120_plus_10pct
2024-02-28,1.1822935934994876,proxy_ewma_realized_vol_120_plus_10pct
2024-02-29,1.1804142864557419,proxy_ewma_realized_vol_120_plus_10pct
2024-03-01,1.1785355035026137,proxy_ewma_realized_vol_120_plus_10pct
2024-03-02,1.1767404031953987,proxy_ewma_realized_vol_120_plus_10pct
2024-03-03,1.1745634366884883,proxy_ewma_realized_vol_120_plus_10pct
2024-03-04,1.1723966083872384,proxy_ewma_realized_vol_120_plus_10pct
2024-03-05,1.171108571021092,proxy_ewma_realized_vol_120_plus_10pct
2024-03-06,1.1700520451417527,proxy_ewma_realized_vol_120_plus_10pct
2024-03-07,1.1703133683206455,proxy_ewma_realized_vol_120_plus_10pct
2024-03-08,1.1702995476935405,proxy_ewma_realized_vol_120_plus_10pct
2024-03-09,1.1615456957853154,proxy_ewma_realized_vol_120_plus_10pct
2024-03-10,1.1535838612972984,proxy_ewma_realized_vol_120_plus_10pct
2024-03-11,1.1464342427893865,proxy_ewma_realized_vol_120_plus_10pct
2024-03-12,1.1387669391902087,proxy_ewma_realized_vol_120_plus_10pct
2024-03-13,1.1315626798711733,proxy_ewma_realized_vol_120_plus_10pct
2024-03-14,1.1223823969183664,proxy_ewma_realized_vol_120_plus_10pct
2024-03-15,1.1113945546745119,proxy_ewma_realized_vol_120_plus_10pct
2024-03-16,1.1015013541006216,proxy_ewma_realized_vol_120_plus_10pct
2024-03-17,1.0942807459263115,proxy_ewma_realized_vol_120_plus_10pct
2024-03-18,1.087796099177363,proxy_ewma_realized_vol_120_plus_10pct
2024-03-19,1.0840482046628108,proxy_ewma_realized_vol_120_plus_10pct
2024-03-20,1.0814860788789875,proxy_ewma_realized_vol_120_plus_10pct
2024-03-21,1.078585726964399,proxy_ewma_realized_vol_120_plus_10pct
2024-03-22,1.0760710925696626,proxy_ewma_realized_vol_120_plus_10pct
2024-03-23,1.0738505999094419,proxy_ewma_realized_vol_120_plus_10pct
2024-03-24,1.072180769290642,proxy_ewma_realized_vol_120_plus_10pct
2024-03-25,1.0705653582985115,proxy_ewma_realized_vol_120_plus_10pct
2024-03-26,1.0685761466793018,proxy_ewma_realized_vol_120_plus_10pct
2024-03-27,1.0666221460276648,proxy_ewma_realized_vol_120_plus_10pct
2024-03-28,1.0648527412570135,proxy_ewma_realized_vol_120_plus_10pct
2024-03-29,1.063232113717141,proxy_ewma_realized_vol_120_plus_10pct
2024-03-30,1.0617654108189634,proxy_ewma_realized_vol_120_plus_10pct
2024-03-31,1.0600817656144073,proxy_ewma_realized_vol_120_plus_10pct
2024-04-01,1.0591070847938402,proxy_ewma_realized_vol_120_plus_10pct
2024-04-02,1.0588392552000794,proxy_ewma_realized_vol_120_plus_10pct
2024-04-03,1.0585606887085517,proxy_ewma_realized_vol_120_plus_10pct
2024-04-04,1.058356071337758,proxy_ewma_realized_vol_120_plus_10pct
2024-04-05,1.0575533628835265,proxy_ewma_realized_vol_120_plus_10pct
2024-04-06,1.0552830336501633,proxy_ewma_realized_vol_120_plus_10pct
2024-04-07,1.0528821663429146,proxy_ewma_realized_vol_120_plus_10pct
2024-04-08,1.0506018832187278,proxy_ewma_realized_vol_120_plus_10pct
2024-04-09,1.048292550064204,proxy_ewma_realized_vol_120_plus_10pct
2024-04-10,1.0459963643629753,proxy_ewma_realized_vol_120_plus_10pct
2024-04-11,1.0438543288975188,proxy_ewma_realized_vol_120_plus_10pct
2024-04-12,1.0436538789157237,proxy_ewma_realized_vol_120_plus_10pct
2024-04-13,1.0447368504448873,proxy_ewma_realized_vol_120_plus_10pct
2024-04-14,1.0467377022303979,proxy_ewma_realized_vol_120_plus_10pct
2024-04-15,1.0496562387237511,proxy_ewma_realized_vol_120_plus_10pct
2024-04-16,1.0521119239048145,proxy_ewma_realized_vol_120_plus_10pct
2024-04-17,1.0544803971351469,proxy_ewma_realized_vol_120_plus_10pct
2024-04-18,1.0550849941813802,proxy_ewma_realized_vol_120_plus_10pct
2024-04-19,1.0524717518687923,proxy_ewma_realized_vol_120_plus_10pct
2024-04-20,1.050350112717203,proxy_ewma_realized_vol_120_plus_10pct
2024-04-21,1.0469952364666169,proxy_ewma_realized_vol_120_plus_10pct
2024-04-22,1.0441438591851238,proxy_ewma_realized_vol_120_plus_10pct
2024-04-23,1.0406817590010626,proxy_ewma_realized_vol_120_plus_10pct
2024-04-24,1.0370165748224733,proxy_ewma_realized_vol_120_plus_10pct
2024-04-25,1.0332831721527984,proxy_ewma_realized_vol_120_plus_10pct
2024-04-26,1.029805877715834,proxy_ewma_realized_vol_120_plus_10pct
2024-04-27,1.0264346825171808,proxy_ewma_realized_vol_120_plus_10pct
2024-04-28,1.023153085475329,proxy_ewma_realized_vol_120_plus_10pct
2024-04-29,1.0201785315993062,proxy_ewma_realized_vol_120_plus_10pct
2024-04-30,1.0176453449097014,proxy_ewma_realized_vol_120_plus_10pct
2024-05-01,1.0157926839119769,proxy_ewma_realized_vol_120_plus_10pct
2024-05-02,1.0130871825133179,proxy_ewma_realized_vol_120_plus_10pct
2024-05-03,1.0102297001476652,proxy_ewma_realized_vol_120_plus_10pct
2024-05-04,1.0071756572560566,proxy_ewma_realized_vol_120_plus_10pct
2024-05-05,1.0036389542445225,proxy_ewma_realized_vol_120_plus_10pct
2024-05-06,1.000253672518562,proxy_ewma_realized_vol_120_plus_10pct
2024-05-07,0.9959227770690303,proxy_ewma_realized_vol_120_plus_10pct
2024-05-08,0.992328962104399,proxy_ewma_realized_vol_120_plus_10pct
2024-05-09,0.9898857468103962,proxy_ewma_realized_vol_120_plus_10pct
2024-05-10,0.9879755850657167,proxy_ewma_realized_vol_120_plus_10pct
2024-05-11,0.9848945493111685,proxy_ewma_realized_vol_120_plus_10pct
2024-05-12,0.9818775731748398,proxy_ewma_realized_vol_120_plus_10pct
2024-05-13,0.9791508588794661,proxy_ewma_realized_vol_120_plus_10pct
2024-05-14,0.9769836167691927,proxy_ewma_realized_vol_120_plus_10pct
2024-05-15,0.9770459420426512,proxy_ewma_realized_vol_120_plus_10pct
2024-05-16,0.9768053667403754,proxy_ewma_realized_vol_120_plus_10pct
2024-05-17,0.9760240321962127,proxy_ewma_realized_vol_120_plus_10pct
2024-05-18,0.9752996132866321,proxy_ewma_realized_vol_120_plus_10pct
2024-05-19,0.9746792000440649,proxy_ewma_realized_vol_120_plus_10pct
2024-05-20,0.9754689360863159,proxy_ewma_realized_vol_120_plus_10pct
2024-05-21,0.9753174339319548,proxy_ewma_realized_vol_120_plus_10pct
2024-05-22,0.9752177678973811,proxy_ewma_realized_vol_120_plus_10pct
2024-05-23,0.9747710836975654,proxy_ewma_realized_vol_120_plus_10pct
2024-05-24,0.9747444597311707,proxy_ewma_realized_vol_120_plus_10pct
2024-05-25,0.9741178206177916,proxy_ewma_realized_vol_120_plus_10pct
2024-05-26,0.973758212887672,proxy_ewma_realized_vol_120_plus_10pct
2024-05-27,0.9736236930799066,proxy_ewma_realized_vol_120_plus_10pct
2024-05-28,0.9730209817760277,proxy_ewma_realized_vol_120_plus_10pct
2024-05-29,0.9724824877570369,proxy_ewma_realized_vol_120_plus_10pct
2024-05-30,0.9715779199723059,proxy_ewma_realized_vol_120_plus_10pct
2024-05-31,0.9707914614934078,proxy_ewma_realized_vol_120_plus_10pct
2024-06-01,0.9699991965601994,proxy_ewma_realized_vol_120_plus_10pct
2024-06-02,0.9691976027541245,proxy_ewma_realized_vol_120_plus_10pct
2024-06-03,0.9683110387654211,proxy_ewma_realized_vol_120_plus_10pct
2024-06-04,0.9677418348049538,proxy_ewma_realized_vol_120_plus_10pct
2024-06-05,0.9672183634570889,proxy_ewma_realized_vol_120_plus_10pct
2024-06-06,0.9666155202410591,proxy_ewma_realized_vol_120_plus_10pct
2024-06-07,0.9664860255628763,proxy_ewma_realized_vol_120_plus_10pct
2024-06-08,0.9663280109286503,proxy_ewma_realized_vol_120_plus_10pct
2024-06-09,0.9662232276164069,proxy_ewma_realized_vol_120_plus_10pct
2024-06-10,0.9661637451235602,proxy_ewma_realized_vol_120_plus_10pct
2024-06-11,0.9665864841380699,proxy_ewma_realized_vol_120_plus_10pct
2024-06-12,0.9671896657876669,proxy_ewma_realized_vol_120_plus_10pct
2024-06-13,0.9680337732423179,proxy_ewma_realized_vol_120_plus_10pct
2024-06-14,0.968804662874092,proxy_ewma_realized_vol_120_plus_10pct
2024-06-15,0.969349859197249,proxy_ewma_realized_vol_120_plus_10pct
2024-06-16,0.9700230613783686,proxy_ewma_realized_vol_120_plus_10pct
2024-06-17,0.9710582213582266,proxy_ewma_realized_vol_120_plus_10pct
2024-06-18,0.972322535799159,proxy_ewma_realized_vol_120_plus_10pct
2024-06-19,0.973354353740579,proxy_ewma_realized_vol_120_plus_10pct
2024-06-20,0.9741463303853783,proxy_ewma_realized_vol_120_plus_10pct
2024-06-21,0.9746325822237103,proxy_ewma_realized_vol_120_plus_10pct
2024-06-22,0.9750170250495407,proxy_ewma_realized_vol_120_plus_10pct
2024-06-23,0.9754011550788638,proxy_ewma_realized_vol_120_plus_10pct
2024-06-24,0.9758489567951734,proxy_ewma_realized_vol_120_plus_10pct
2024-06-25,0.9757731552189002,proxy_ewma_realized_vol_120_plus_10pct
2024-06-26,0.9756542616653805,proxy_ewma_realized_vol_120_plus_10pct
2024-06-27,0.9757014859971518,proxy_ewma_realized_vol_120_plus_10pct
2024-06-28,0.9758690365766467,proxy_ewma_realized_vol_120_plus_10pct
2024-06-29,0.9758327308974424,proxy_ewma_realized_vol_120_plus_10pct
2024-06-30,0.97615354084378,proxy_ewma_realized_vol_120_plus_10pct
2024-07-01,0.9764416318176354,proxy_ewma_realized_vol_120_plus_10pct
2024-07-02,0.9770245386275643,proxy_ewma_realized_vol_120_plus_10pct
2024-07-03,0.9782830674772618,proxy_ewma_realized_vol_120_plus_10pct
2024-07-04,0.9807620389939639,proxy_ewma_realized_vol_120_plus_10pct
2024-07-05,0.981707671581025,proxy_ewma_realized_vol_120_plus_10pct
2024-07-06,0.9833086676930471,proxy_ewma_realized_vol_120_plus_10pct
2024-07-07,0.9858996673921633,proxy_ewma_realized_vol_120_plus_10pct
2024-07-08,0.9888248928726908,proxy_ewma_realized_vol_120_plus_10pct
2024-07-09,0.9913582409516604,proxy_ewma_realized_vol_120_plus_10pct
2024-07-10,0.9936159730277259,proxy_ewma_realized_vol_120_plus_10pct
2024-07-11,0.9947239401637552,proxy_ewma_realized_vol_120_plus_10pct
2024-07-12,0.9947566375577831,proxy_ewma_realized_vol_120_plus_10pct
2024-07-13,0.9946076479535502,proxy_ewma_realized_vol_120_plus_10pct
2024-07-14,0.9947662498096239,proxy_ewma_realized_vol_120_plus_10pct
2024-07-15,0.9939338025284224,proxy_ewma_realized_vol_120_plus_10pct
2024-07-16,0.9930270193246247,proxy_ewma_realized_vol_120_plus_10pct
2024-07-17,0.9891813636550448,proxy_ewma_realized_vol_120_plus_10pct
2024-07-18,0.9827656774905571,proxy_ewma_realized_vol_120_plus_10pct
2024-07-19,0.9769446198400704,proxy_ewma_realized_vol_120_plus_10pct
2024-07-20,0.9716706665290594,proxy_ewma_realized_vol_120_plus_10pct
2024-07-21,0.9675696355364386,proxy_ewma_realized_vol_120_plus_10pct
2024-07-22,0.9633451883534586,proxy_ewma_realized_vol_120_plus_10pct
2024-07-23,0.9595936437616803,proxy_ewma_realized_vol_120_plus_10pct
2024-07-24,0.9563610714939934,proxy_ewma_realized_vol_120_plus_10pct
2024-07-25,0.9535608319284138,proxy_ewma_realized_vol_120_plus_10pct
2024-07-26,0.9517619040964748,proxy_ewma_realized_vol_120_plus_10pct
2024-07-27,0.9501057726092607,proxy_ewma_realized_vol_120_plus_10pct
2024-07-28,0.9485886523997947,proxy_ewma_realized_vol_120_plus_10pct
2024-07-29,0.9468861110067496,proxy_ewma_realized_vol_120_plus_10pct
2024-07-30,0.9449286728161566,proxy_ewma_realized_vol_120_plus_10pct
2024-07-31,0.9428010248805608,proxy_ewma_realized_vol_120_plus_10pct
2024-08-01,0.9408967013563319,proxy_ewma_realized_vol_120_plus_10pct
2024-08-02,0.9406841593367918,proxy_ewma_realized_vol_120_plus_10pct
2024-08-03,0.9407539948980987,proxy_ewma_realized_vol_120_plus_10pct
2024-08-04,0.9408943710280101,proxy_ewma_realized_vol_120_plus_10pct
2024-08-05,0.9416423901214119,proxy_ewma_realized_vol_120_plus_10pct
2024-08-06,0.944567574784806,proxy_ewma_realized_vol_120_plus_10pct
2024-08-07,0.946837568835072,proxy_ewma_realized_vol_120_plus_10pct
2024-08-08,0.9517576508068224,proxy_ewma_realized_vol_120_plus_10pct
2024-08-09,0.9564892990248078,proxy_ewma_realized_vol_120_plus_10pct
2024-08-10,0.9586427932826501,proxy_ewma_realized_vol_120_plus_10pct
2024-08-11,0.9601999247893538,proxy_ewma_realized_vol_120_plus_10pct
2024-08-12,0.9605082801335744,proxy_ewma_realized_vol_120_plus_10pct
2024-08-13,0.9594340685658713,proxy_ewma_realized_vol_120_plus_10pct
2024-08-14,0.9584828190917363,proxy_ewma_realized_vol_120_plus_10pct
2024-08-15,0.9574251789211575,proxy_ewma_realized_vol_120_plus_10pct
2024-08-16,0.9554968831373765,proxy_ewma_realized_vol_120_plus_10pct
2024-08-17,0.9538036134504764,proxy_ewma_realized_vol_120_plus_10pct
2024-08-18,0.9516278130464715,proxy_ewma_realized_vol_120_plus_10pct
2024-08-19,0.9496284799168981,proxy_ewma_realized_vol_120_plus_10pct
2024-08-20,0.9472313992763794,proxy_ewma_realized_vol_120_plus_10pct
2024-08-21,0.9450214560309809,proxy_ewma_realized_vol_120_plus_10pct
2024-08-22,0.9426282461850823,proxy_ewma_realized_vol_120_plus_10pct
2024-08-23,0.9412602305521276,proxy_ewma_realized_vol_120_plus_10pct
2024-08-24,0.9401295732485183,proxy_ewma_realized_vol_120_plus_10pct
2024-08-25,0.9391052579690625,proxy_ewma_realized_vol_120_plus_10pct
2024-08-26,0.9380767806351302,proxy_ewma_realized_vol_120_plus_10pct
2024-08-27,0.9380094984324258,proxy_ewma_realized_vol_120_plus_10pct
2024-08-28,0.936820558094821,proxy_ewma_realized_vol_120_plus_10pct
2024-08-29,0.9352374518508363,proxy_ewma_realized_vol_120_plus_10pct
2024-08-30,0.9337509836728574,proxy_ewma_realized_vol_120_plus_10pct
2024-08-31,0.932138159012644,proxy_ewma_realized_vol_120_plus_10pct
2024-09-01,0.9310997618411738,proxy_ewma_realized_vol_120_plus_10pct
2024-09-02,0.9306169610975853,proxy_ewma_realized_vol_120_plus_10pct
2024-09-03,0.9303009944164913,proxy_ewma_realized_vol_120_plus_10pct
2024-09-04,0.930268755865883,proxy_ewma_realized_vol_120_plus_10pct
2024-09-05,0.9301384023482242,proxy_ewma_realized_vol_120_plus_10pct
2024-09-06,0.9291719262660616,proxy_ewma_realized_vol_120_plus_10pct
2024-09-07,0.9280387035946197,proxy_ewma_realized_vol_120_plus_10pct
2024-09-08,0.9270676439200557,proxy_ewma_realized_vol_120_plus_10pct
2024-09-09,0.9264440243318879,proxy_ewma_realized_vol_120_plus_10pct
2024-09-10,0.9257546034838747,proxy_ewma_realized_vol_120_plus_10pct
2024-09-11,0.9249876773109378,proxy_ewma_realized_vol_120_plus_10pct
2024-09-12,0.9219151198626391,proxy_ewma_realized_vol_120_plus_10pct
2024-09-13,0.9192236526228689,proxy_ewma_realized_vol_120_plus_10pct
2024-09-14,0.915957492518952,proxy_ewma_realized_vol_120_plus_10pct
2024-09-15,0.9132547135521856,proxy_ewma_realized_vol_120_plus_10pct
2024-09-16,0.9107766429918793,proxy_ewma_realized_vol_120_plus_10pct
2024-09-17,0.9065900577786845,proxy_ewma_realized_vol_120_plus_10pct
2024-09-18,0.9025055339959895,proxy_ewma_realized_vol_120_plus_10pct
2024-09-19,0.8997231138505438,proxy_ewma_realized_vol_120_plus_10pct
2024-09-20,0.8973486823036388,proxy_ewma_realized_vol_120_plus_10pct
2024-09-21,0.8948551819175431,proxy_ewma_realized_vol_120_plus_10pct
2024-09-22,0.8927946715045334,proxy_ewma_realized_vol_120_plus_10pct
2024-09-23,0.8907490663033377,proxy_ewma_realized_vol_120_plus_10pct
2024-09-24,0.889193643847671,proxy_ewma_realized_vol_120_plus_10pct
2024-09-25,0.8879771881033609,proxy_ewma_realized_vol_120_plus_10pct
2024-09-26,0.8873976005369436,proxy_ewma_realized_vol_120_plus_10pct
2024-09-27,0.8869012572950268,proxy_ewma_realized_vol_120_plus_10pct
2024-09-28,0.8864445098875251,proxy_ewma_realized_vol_120_plus_10pct
2024-09-29,0.8860525538343882,proxy_ewma_realized_vol_120_plus_10pct
2024-09-30,0.8859324020060543,proxy_ewma_realized_vol_120_plus_10pct
2024-10-01,0.8862637785351363,proxy_ewma_realized_vol_120_plus_10pct
2024-10-02,0.8864296786492386,proxy_ewma_realized_vol_120_plus_10pct
2024-10-03,0.886678197958619,proxy_ewma_realized_vol_120_plus_10pct
2024-10-04,0.8872779535306276,proxy_ewma_realized_vol_120_plus_10pct
2024-10-05,0.8874417050008865,proxy_ewma_realized_vol_120_plus_10pct
2024-10-06,0.8875701076872712,proxy_ewma_realized_vol_120_plus_10pct
2024-10-07,0.8876082654749455,proxy_ewma_realized_vol_120_plus_10pct
2024-10-08,0.887570995996495,proxy_ewma_realized_vol_120_plus_10pct
2024-10-09,0.8869831145189799,proxy_ewma_realized_vol_120_plus_10pct
2024-10-10,0.8861576875805383,proxy_ewma_realized_vol_120_plus_10pct
2024-10-11,0.8853204325789313,proxy_ewma_realized_vol_120_plus_10pct
2024-10-12,0.8843961989807911,proxy_ewma_realized_vol_120_plus_10pct
2024-10-13,0.8835214744055875,proxy_ewma_realized_vol_120_plus_10pct
2024-10-14,0.88330791233932,proxy_ewma_realized_vol_120_plus_10pct
2024-10-15,0.8826217212438944,proxy_ewma_realized_vol_120_plus_10pct
2024-10-16,0.8816433597540224,proxy_ewma_realized_vol_120_plus_10pct
2024-10-17,0.8808586921949607,proxy_ewma_realized_vol_120_plus_10pct
2024-10-18,0.880256878895329,proxy_ewma_realized_vol_120_plus_10pct
2024-10-19,0.879861881946439,proxy_ewma_realized_vol_120_plus_10pct
2024-10-20,0.8798632182217375,proxy_ewma_realized_vol_120_plus_10pct
2024-10-21,0.8795388121430232,proxy_ewma_realized_vol_120_plus_10pct
2024-10-22,0.8791165251924004,proxy_ewma_realized_vol_120_plus_10pct
2024-10-23,0.878628409506669,proxy_ewma_realized_vol_120_plus_10pct
2024-10-24,0.8784126573479835,proxy_ewma_realized_vol_120_plus_10pct
2024-10-25,0.8775766030405383,proxy_ewma_realized_vol_120_plus_10pct
2024-10-26,0.8761324768680188,proxy_ewma_realized_vol_120_plus_10pct
2024-10-27,0.8750301259438541,proxy_ewma_realized_vol_120_plus_10pct
2024-10-28,0.8736496226784422,proxy_ewma_realized_vol_120_plus_10pct
2024-10-29,0.8724042239251223,proxy_ewma_realized_vol_120_plus_10pct
2024-10-30,0.8709863930388838,proxy_ewma_realized_vol_120_plus_10pct
2024-10-31,0.8684701899521209,proxy_ewma_realized_vol_120_plus_10pct
2024-11-01,0.8642810246561989,proxy_ewma_realized_vol_120_plus_10pct
2024-11-02,0.8599413988185791,proxy_ewma_realized_vol_120_plus_10pct
2024-11-03,0.8552445055894882,proxy_ewma_realized_vol_120_plus_10pct
2024-11-04,0.8497338929238695,proxy_ewma_realized_vol_120_plus_10pct
2024-11-05,0.8447122783226427,proxy_ewma_realized_vol_120_plus_10pct
2024-11-06,0.8432067110112116,proxy_ewma_realized_vol_120_plus_10pct
2024-11-07,0.8423115933620923,proxy_ewma_realized_vol_120_plus_10pct
2024-11-08,0.8410849994811077,proxy_ewma_realized_vol_120_plus_10pct
2024-11-09,0.8398644174980786,proxy_ewma_realized_vol_120_plus_10pct
2024-11-10,0.8392154305109586,proxy_ewma_realized_vol_120_plus_10pct
2024-11-11,0.8389478879948908,proxy_ewma_realized_vol_120_plus_10pct
2024-11-12,0.8378953733114355,proxy_ewma_realized_vol_120_plus_10pct
2024-11-13,0.8369676634667953,proxy_ewma_realized_vol_120_plus_10pct
2024-11-14,0.8360835722626928,proxy_ewma_realized_vol_120_plus_10pct
2024-11-15,0.8355319400924253,proxy_ewma_realized_vol_120_plus_10pct
2024-11-16,0.8342886946838364,proxy_ewma_realized_vol_120_plus_10pct
2024-11-17,0.8350552894171114,proxy_ewma_realized_vol_120_plus_10pct
2024-11-18,0.8350462284011051,proxy_ewma_realized_vol_120_plus_10pct
2024-11-19,0.8348261718384542,proxy_ewma_realized_vol_120_plus_10pct
2024-11-20,0.8343646072900935,proxy_ewma_realized_vol_120_plus_10pct
2024-11-21,0.8354397567417006,proxy_ewma_realized_vol_120_plus_10pct
2024-11-22,0.836116745971975,proxy_ewma_realized_vol_120_plus_10pct
2024-11-23,0.8359584721895746,proxy_ewma_realized_vol_120_plus_10pct
2024-11-24,0.8358468579682463,proxy_ewma_realized_vol_120_plus_10pct
2024-11-25,0.8369634390566068,proxy_ewma_realized_vol_120_plus_10pct
2024-11-26,0.837996192662154,proxy_ewma_realized_vol_120_plus_10pct
2024-11-27,0.8392593018520409,proxy_ewma_realized_vol_120_plus_10pct
2024-11-28,0.8401002102295727,proxy_ewma_realized_vol_120_plus_10pct
2024-11-29,0.8407876253951987,proxy_ewma_realized_vol_120_plus_10pct
2024-11-30,0.8397186682289409,proxy_ewma_realized_vol_120_plus_10pct
2024-12-01,0.8377616801737641,proxy_ewma_realized_vol_120_plus_10pct
2024-12-02,0.8362607380715781,proxy_ewma_realized_vol_120_plus_10pct
2024-12-03,0.8342252370869843,proxy_ewma_realized_vol_120_plus_10pct
2024-12-04,0.8301416443402975,proxy_ewma_realized_vol_120_plus_10pct
2024-12-05,0.8265087502652434,proxy_ewma_realized_vol_120_plus_10pct
2024-12-06,0.8198260734837669,proxy_ewma_realized_vol_120_plus_10pct
2024-12-07,0.8133337776023009,proxy_ewma_realized_vol_120_plus_10pct
2024-12-08,0.8073984312746831,proxy_ewma_realized_vol_120_plus_10pct
2024-12-09,0.802065619730888,proxy_ewma_realized_vol_120_plus_10pct
2024-12-10,0.7971129118947127,proxy_ewma_realized_vol_120_plus_10pct
2024-12-11,0.7934646483965446,proxy_ewma_realized_vol_120_plus_10pct
2024-12-12,0.7900454103803403,proxy_ewma_realized_vol_120_plus_10pct
2024-12-13,0.7869609161934642,proxy_ewma_realized_vol_120_plus_10pct
2024-12-14,0.7841483291617453,proxy_ewma_realized_vol_120_plus_10pct
2024-12-15,0.7816014645112421,proxy_ewma_realized_vol_120_plus_10pct
2024-12-16,0.7796158964773128,proxy_ewma_realized_vol_120_plus_10pct
2024-12-17,0.7779581893668401,proxy_ewma_realized_vol_120_plus_10pct
2024-12-18,0.7778133785475554,proxy_ewma_realized_vol_120_plus_10pct
2024-12-19,0.7785451230723255,proxy_ewma_realized_vol_120_plus_10pct
2024-12-20,0.7792100708467868,proxy_ewma_realized_vol_120_plus_10pct
2024-12-21,0.7799038245242044,proxy_ewma_realized_vol_120_plus_10pct
2024-12-22,0.780028285653533,proxy_ewma_realized_vol_120_plus_10pct
2024-12-23,0.7806945023314266,proxy_ewma_realized_vol_120_plus_10pct
2024-12-24,0.7815466429912067,proxy_ewma_realized_vol_120_plus_10pct
2024-12-25,0.7812563622838792,proxy_ewma_realized_vol_120_plus_10pct
2024-12-26,0.7814330456559193,proxy_ewma_realized_vol_120_plus_10pct
2024-12-27,0.7815507011940546,proxy_ewma_realized_vol_120_plus_10pct
2024-12-28,0.7823358569542929,proxy_ewma_realized_vol_120_plus_10pct
2024-12-29,0.7831339318756732,proxy_ewma_realized_vol_120_plus_10pct
2024-12-30,0.7832247233096955,proxy_ewma_realized_vol_120_plus_10pct
2024-12-31,0.7828808775924011,proxy_ewma_realized_vol_120_plus_10pct
2025-01-01,0.7818776707547023,proxy_ewma_realized_vol_120_plus_10pct
2025-01-02,0.7815843607849121,proxy_ewma_realized_vol_120_plus_10pct
2025-01-03,0.7814396735210739,proxy_ewma_realized_vol_120_plus_10pct
2025-01-04,0.7809929494180579,proxy_ewma_realized_vol_120_plus_10pct
2025-01-05,0.7806161621455606,proxy_ewma_realized_vol_120_plus_10pct
2025-01-06,0.7803290149985787,proxy_ewma_realized_vol_120_plus_10pct
2025-01-07,0.7812466830218568,proxy_ewma_realized_vol_120_plus_10pct
2025-01-08,0.7822404019271797,proxy_ewma_realized_vol_120_plus_10pct
2025-01-09,0.7839798716229975,proxy_ewma_realized_vol_120_plus_10pct
2025-01-10,0.7854494669146665,proxy_ewma_realized_vol_120_plus_10pct
2025-01-11,0.7867042580842065,proxy_ewma_realized_vol_120_plus_10pct
2025-01-12,0.7877748104295462,proxy_ewma_realized_vol_120_plus_10pct
2025-01-13,0.7885508809562185,proxy_ewma_realized_vol_120_plus_10pct
2025-01-14,0.7893567226354966,proxy_ewma_realized_vol_120_plus_10pct
2025-01-15,0.7920227626787669,proxy_ewma_realized_vol_120_plus_10pct
2025-01-16,0.7944897399291764,proxy_ewma_realized_vol_120_plus_10pct
2025-01-17,0.7961699426581323,proxy_ewma_realized_vol_120_plus_10pct
2025-01-18,0.8048958243362987,proxy_ewma_realized_vol_120_plus_10pct
2025-01-19,0.8132152203311215,proxy_ewma_realized_vol_120_plus_10pct
2025-01-20,0.8207672807393102,proxy_ewma_realized_vol_120_plus_10pct
2025-01-21,0.8277541323321903,proxy_ewma_realized_vol_120_plus_10pct
2025-01-22,0.8336665666768426,proxy_ewma_realized_vol_120_plus_10pct
2025-01-23,0.8388212499816241,proxy_ewma_realized_vol_120_plus_10pct
2025-01-24,0.8430709542796592,proxy_ewma_realized_vol_120_plus_10pct
2025-01-25,0.8469062158906419,proxy_ewma_realized_vol_120_plus_10pct
2025-01-26,0.8511718328096604,proxy_ewma_realized_vol_120_plus_10pct
2025-01-27,0.8551823966465566,proxy_ewma_realized_vol_120_plus_10pct
2025-01-28,0.858741405309251,proxy_ewma_realized_vol_120_plus_10pct
2025-01-29,0.8614157477059222,proxy_ewma_realized_vol_120_plus_10pct
2025-01-30,0.8639160486506857,proxy_ewma_realized_vol_120_plus_10pct
2025-01-31,0.8662483651232166,proxy_ewma_realized_vol_120_plus_10pct
2025-02-01,0.8693346523573315,proxy_ewma_realized_vol_120_plus_10pct
2025-02-02,0.8726867222644487,proxy_ewma_realized_vol_120_plus_10pct
2025-02-03,0.8763284744616411,proxy_ewma_realized_vol_120_plus_10pct
2025-02-04,0.8799487380364575,proxy_ewma_realized_vol_120_plus_10pct
2025-02-05,0.8838459450095022,proxy_ewma_realized_vol_120_plus_10pct
2025-02-06,0.8874141467070508,proxy_ewma_realized_vol_120_plus_10pct
2025-02-07,0.8906504303636903,proxy_ewma_realized_vol_120_plus_10pct
2025-02-08,0.8934546416462751,proxy_ewma_realized_vol_120_plus_10pct
2025-02-09,0.8959886658145316,proxy_ewma_realized_vol_120_plus_10pct
2025-02-10,0.8982819920163251,proxy_ewma_realized_vol_120_plus_10pct
2025-02-11,0.8996164030788338,proxy_ewma_realized_vol_120_plus_10pct
2025-02-12,0.9007604561513542,proxy_ewma_realized_vol_120_plus_10pct
2025-02-13,0.9018300318992135,proxy_ewma_realized_vol_120_plus_10pct
2025-02-14,0.9027625635199213,proxy_ewma_realized_vol_120_plus_10pct
2025-02-15,0.9036331066054235,proxy_ewma_realized_vol_120_plus_10pct
2025-02-16,0.9044897003611537,proxy_ewma_realized_vol_120_plus_10pct
2025-02-17,0.9055691731819508,proxy_ewma_realized_vol_120_plus_10pct
2025-02-18,0.9070149555863534,proxy_ewma_realized_vol_120_plus_10pct
2025-02-19,0.9083182110699082,proxy_ewma_realized_vol_120_plus_10pct
2025-02-20,0.9097290711739778,proxy_ewma_realized_vol_120_plus_10pct
2025-02-21,0.9110934607702407,proxy_ewma_realized_vol_120_plus_10pct
2025-02-22,0.911426890397286,proxy_ewma_realized_vol_120_plus_10pct
2025-02-23,0.9116114501832239,proxy_ewma_realized_vol_120_plus_10pct
2025-02-24,0.9160939316723936,proxy_ewma_realized_vol_120_plus_10pct
2025-02-25,0.920177951153989,proxy_ewma_realized_vol_120_plus_10pct
2025-02-26,0.9245972274137589,proxy_ewma_realized_vol_120_plus_10pct
2025-02-27,0.928581134911673,proxy_ewma_realized_vol_120_plus_10pct
2025-02-28,0.9329963383146238,proxy_ewma_realized_vol_120_plus_10pct
2025-03-01,0.9371172414870678,proxy_ewma_realized_vol_120_plus_10pct
2025-03-02,0.9508623072379627,proxy_ewma_realized_vol_120_plus_10pct
2025-03-03,0.969905847839776,proxy_ewma_realized_vol_120_plus_10pct
2025-03-04,0.9870568968787152,proxy_ewma_realized_vol_120_plus_10pct
2025-03-05,1.002097557560711,proxy_ewma_realized_vol_120_plus_10pct
2025-03-06,1.0134609823432785,proxy_ewma_realized_vol_120_plus_10pct
2025-03-07,1.0234484261973191,proxy_ewma_realized_vol_120_plus_10pct
2025-03-08,1.0324556358227142,proxy_ewma_realized_vol_120_plus_10pct
2025-03-09,1.0414802312653604,proxy_ewma_realized_vol_120_plus_10pct
2025-03-10,1.049765327741682,proxy_ewma_realized_vol_120_plus_10pct
2025-03-11,1.0572965859764372,proxy_ewma_realized_vol_120_plus_10pct
2025-03-12,1.063841440915123,proxy_ewma_realized_vol_120_plus_10pct
2025-03-13,1.0698007554279287,proxy_ewma_realized_vol_120_plus_10pct
2025-03-14,1.0761999993504,proxy_ewma_realized_vol_120_plus_10pct
2025-03-15,1.0817516443972333,proxy_ewma_realized_vol_120_plus_10pct
2025-03-16,1.0875319771901462,proxy_ewma_realized_vol_120_plus_10pct
2025-03-17,1.09114148502172,proxy_ewma_realized_vol_120_plus_10pct
2025-03-18,1.0944330223595797,proxy_ewma_realized_vol_120_plus_10pct
2025-03-19,1.0985504804121209,proxy_ewma_realized_vol_120_plus_10pct
2025-03-20,1.1027545814011515,proxy_ewma_realized_vol_120_plus_10pct
2025-03-21,1.1051457358035606,proxy_ewma_realized_vol_120_plus_10pct
2025-03-22,1.1073119539288794,proxy_ewma_realized_vol_120_plus_10pct
2025-03-23,1.1094767892184567,proxy_ewma_realized_vol_120_plus_10pct
2025-03-24,1.1121123206817474,proxy_ewma_realized_vol_120_plus_10pct
2025-03-25,1.1138223333604587,proxy_ewma_realized_vol_120_plus_10pct
2025-03-26,1.1156306951654733,proxy_ewma_realized_vol_120_plus_10pct
2025-03-27,1.116860790331978,proxy_ewma_realized_vol_120_plus_10pct
2025-03-28,1.1185198132451606,proxy_ewma_realized_vol_120_plus_10pct
2025-03-29,1.1200714637831533,proxy_ewma_realized_vol_120_plus_10pct
2025-03-30,1.1214173794051638,proxy_ewma_realized_vol_120_plus_10pct
2025-03-31,1.1226378562060135,proxy_ewma_realized_vol_120_plus_10pct
2025-04-01,1.1234988452945471,proxy_ewma_realized_vol_120_plus_10pct
2025-04-02,1.1247046761413693,proxy_ewma_realized_vol_120_plus_10pct
2025-04-03,1.1257485519683945,proxy_ewma_realized_vol_120_plus_10pct
2025-04-04,1.1270288062173952,proxy_ewma_realized_vol_120_plus_10pct
2025-04-05,1.1281841762459557,proxy_ewma_realized_vol_120_plus_10pct
2025-04-06,1.131287261686026,proxy_ewma_realized_vol_120_plus_10pct
2025-04-07,1.1341348595718685,proxy_ewma_realized_vol_120_plus_10pct
2025-04-08,1.1358185977466397,proxy_ewma_realized_vol_120_plus_10pct
2025-04-09,1.1399729649033665,proxy_ewma_realized_vol_120_plus_10pct
2025-04-10,1.1434039622972312,proxy_ewma_realized_vol_120_plus_10pct
2025-04-11,1.1474973303814002,proxy_ewma_realized_vol_120_plus_10pct
2025-04-12,1.1524349805457523,proxy_ewma_realized_vol_120_plus_10pct
2025-04-13,1.1569389850359655,proxy_ewma_realized_vol_120_plus_10pct
2025-04-14,1.1609643525771878,proxy_ewma_realized_vol_120_plus_10pct
2025-04-15,1.1645380847690177,proxy_ewma_realized_vol_120_plus_10pct
2025-04-16,1.167897122357032,proxy_ewma_realized_vol_120_plus_10pct
2025-04-17,1.1702919781540422,proxy_ewma_realized_vol_120_plus_10pct
2025-04-18,1.1719798155584877,proxy_ewma_realized_vol_120_plus_10pct
2025-04-19,1.1737902320872833,proxy_ewma_realized_vol_120_plus_10pct
2025-04-20,1.1748154671368571,proxy_ewma_realized_vol_120_plus_10pct
2025-04-21,1.1757459096250176,proxy_ewma_realized_vol_120_plus_10pct
2025-04-22,1.1773255554079527,proxy_ewma_realized_vol_120_plus_10pct
2025-04-23,1.1785746419130314,proxy_ewma_realized_vol_120_plus_10pct
2025-04-24,1.1797133807380986,proxy_ewma_realized_vol_120_plus_10pct
2025-04-25,1.1804339270461068,proxy_ewma_realized_vol_120_plus_10pct
2025-04-26,1.1810229593001955,proxy_ewma_realized_vol_120_plus_10pct
2025-04-27,1.181001344887199,proxy_ewma_realized_vol_120_plus_10pct
2025-04-28,1.1808783180131637,proxy_ewma_realized_vol_120_plus_10pct
2025-04-29,1.1807703567108738,proxy_ewma_realized_vol_120_plus_10pct
2025-04-30,1.1806733431825682,proxy_ewma_realized_vol_120_plus_10pct
2025-05-01,1.1805668177080035,proxy_ewma_realized_vol_120_plus_10pct
2025-05-02,1.179725229099835,proxy_ewma_realized_vol_120_plus_10pct
2025-05-03,1.1785999264250964,proxy_ewma_realized_vol_120_plus_10pct
2025-05-04,1.177625595489397,proxy_ewma_realized_vol_120_plus_10pct
2025-05-05,1.176781935763166,proxy_ewma_realized_vol_120_plus_10pct
2025-05-06,1.1759116799704135,proxy_ewma_realized_vol_120_plus_10pct
2025-05-07,1.1742971076701707,proxy_ewma_realized_vol_120_plus_10pct
2025-05-08,1.1747362371488328,proxy_ewma_realized_vol_120_plus_10pct
2025-05-09,1.1749515736132587,proxy_ewma_realized_vol_120_plus_10pct
2025-05-10,1.1752289734438106,proxy_ewma_realized_vol_120_plus_10pct
2025-05-11,1.1755877590892934,proxy_ewma_realized_vol_120_plus_10pct
2025-05-12,1.1759174353647563,proxy_ewma_realized_vol_120_plus_10pct
2025-05-13,1.1765150054714955,proxy_ewma_realized_vol_120_plus_10pct
2025-05-14,1.1772193798681148,proxy_ewma_realized_vol_120_plus_10pct
2025-05-15,1.1767146478656776,proxy_ewma_realized_vol_120_plus_10pct
2025-05-16,1.176169358461729,proxy_ewma_realized_vol_120_plus_10pct
2025-05-17,1.1754390647665676,proxy_ewma_realized_vol_120_plus_10pct
2025-05-18,1.1693350649641603,proxy_ewma_realized_vol_120_plus_10pct
2025-05-19,1.1637790577415659,proxy_ewma_realized_vol_120_plus_10pct
2025-05-20,1.1586159305132766,proxy_ewma_realized_vol_120_plus_10pct
2025-05-21,1.1539137549916583,proxy_ewma_realized_vol_120_plus_10pct
2025-05-22,1.1497356300837442,proxy_ewma_realized_vol_120_plus_10pct
2025-05-23,1.1460809852402176,proxy_ewma_realized_vol_120_plus_10pct
2025-05-24,1.1428073310813032,proxy_ewma_realized_vol_120_plus_10pct
2025-05-25,1.1398210043997952,proxy_ewma_realized_vol_120_plus_10pct
2025-05-26,1.1365881056732017,proxy_ewma_realized_vol_120_plus_10pct
2025-05-27,1.1336019791052578,proxy_ewma_realized_vol_120_plus_10pct
2025-05-28,1.1308326840125575,proxy_ewma_realized_vol_120_plus_10pct
2025-05-29,1.1284821699090688,proxy_ewma_realized_vol_120_plus_10pct
2025-05-30,1.126534989383768,proxy_ewma_realized_vol_120_plus_10pct
2025-05-31,1.1246435630350902,proxy_ewma_realized_vol_120_plus_10pct
2025-06-01,1.1220295681746233,proxy_ewma_realized_vol_120_plus_10pct
2025-06-02,1.119281271414992,proxy_ewma_realized_vol_120_plus_10pct
2025-06-03,1.1161182671456988,proxy_ewma_realized_vol_120_plus_10pct
2025-06-04,1.113009371160921,proxy_ewma_realized_vol_120_plus_10pct
2025-06-05,1.1102652034718457,proxy_ewma_realized_vol_120_plus_10pct
2025-06-06,1.1077247348896573,proxy_ewma_realized_vol_120_plus_10pct
2025-06-07,1.105436733225659,proxy_ewma_realized_vol_120_plus_10pct
2025-06-08,1.103156822463678,proxy_ewma_realized_vol_120_plus_10pct
2025-06-09,1.101628836784598,proxy_ewma_realized_vol_120_plus_10pct
2025-06-10,1.1003466755180884,proxy_ewma_realized_vol_120_plus_10pct
2025-06-11,1.0992565583147127,proxy_ewma_realized_vol_120_plus_10pct
2025-06-12,1.0986824701583358,proxy_ewma_realized_vol_120_plus_10pct
2025-06-13,1.0982564426214148,proxy_ewma_realized_vol_120_plus_10pct
2025-06-14,1.09783256984133,proxy_ewma_realized_vol_120_plus_10pct
2025-06-15,1.0978545612896071,proxy_ewma_realized_vol_120_plus_10pct
2025-06-16,1.0977508510380656,proxy_ewma_realized_vol_120_plus_10pct
2025-06-17,1.0972003788763265,proxy_ewma_realized_vol_120_plus_10pct
2025-06-18,1.0963370183527432,proxy_ewma_realized_vol_120_plus_10pct
2025-06-19,1.0955595079742928,proxy_ewma_realized_vol_120_plus_10pct
2025-06-20,1.0949264429898367,proxy_ewma_realized_vol_120_plus_10pct
2025-06-21,1.094293419355398,proxy_ewma_realized_vol_120_plus_10pct
2025-06-22,1.0937608699071468,proxy_ewma_realized_vol_120_plus_10pct
2025-06-23,1.0948304369261566,proxy_ewma_realized_vol_120_plus_10pct
2025-06-24,1.0918479730472097,proxy_ewma_realized_vol_120_plus_10pct
2025-06-25,1.0891736324475298,proxy_ewma_realized_vol_120_plus_10pct
2025-06-26,1.0862084149302749,proxy_ewma_realized_vol_120_plus_10pct
2025-06-27,1.0835378932981004,proxy_ewma_realized_vol_120_plus_10pct
2025-06-28,1.0807889940319166,proxy_ewma_realized_vol_120_plus_10pct
2025-06-29,1.0781793156368746,proxy_ewma_realized_vol_120_plus_10pct
2025-06-30,1.0655113600497845,proxy_ewma_realized_vol_120_plus_10pct
2025-07-01,1.046362894723134,proxy_ewma_realized_vol_120_plus_10pct
2025-07-02,1.0292114899881162,proxy_ewma_realized_vol_120_plus_10pct
2025-07-03,1.0136801332594685,proxy_ewma_realized_vol_120_plus_10pct
2025-07-04,0.9997408503799251,proxy_ewma_realized_vol_120_plus_10pct
2025-07-05,0.9869448011441733,proxy_ewma_realized_vol_120_plus_10pct
2025-07-06,0.9754532479997923,proxy_ewma_realized_vol_120_plus_10pct
2025-07-07,0.9638815335325659,proxy_ewma_realized_vol_120_plus_10pct
2025-07-08,0.9525413849223908,proxy_ewma_realized_vol_120_plus_10pct
2025-07-09,0.9418516813227666,proxy_ewma_realized_vol_120_plus_10pct
2025-07-10,0.9325083854080712,proxy_ewma_realized_vol_120_plus_10pct
2025-07-11,0.9238995382086534,proxy_ewma_realized_vol_120_plus_10pct
2025-07-12,0.9148585842650124,proxy_ewma_realized_vol_120_plus_10pct
2025-07-13,0.9066154968824331,proxy_ewma_realized_vol_120_plus_10pct
2025-07-14,0.897934283723353,proxy_ewma_realized_vol_120_plus_10pct
2025-07-15,0.8900468059753365,proxy_ewma_realized_vol_120_plus_10pct
2025-07-16,0.8834583011552049,proxy_ewma_realized_vol_120_plus_10pct
2025-07-17,0.8761695245820655,proxy_ewma_realized_vol_120_plus_10pct
2025-07-18,0.8687154940012206,proxy_ewma_realized_vol_120_plus_10pct
2025-07-19,0.8619739603288156,proxy_ewma_realized_vol_120_plus_10pct
2025-07-20,0.8559774667114817,proxy_ewma_realized_vol_120_plus_10pct
2025-07-21,0.8516386487700695,proxy_ewma_realized_vol_120_plus_10pct
2025-07-22,0.8474211347601617,proxy_ewma_realized_vol_120_plus_10pct
2025-07-23,0.8449984778677736,proxy_ewma_realized_vol_120_plus_10pct
2025-07-24,0.842639608263351,proxy_ewma_realized_vol_120_plus_10pct
2025-07-25,0.8405842733849115,proxy_ewma_realized_vol_120_plus_10pct
2025-07-26,0.8377629139009585,proxy_ewma_realized_vol_120_plus_10pct
2025-07-27,0.8348985274705253,proxy_ewma_realized_vol_120_plus_10pct
2025-07-28,0.8326008221600503,proxy_ewma_realized_vol_120_plus_10pct
2025-07-29,0.8305433158593353,proxy_ewma_realized_vol_120_plus_10pct
2025-07-30,0.8287723569341706,proxy_ewma_realized_vol_120_plus_10pct
2025-07-31,0.8262090605593588,proxy_ewma_realized_vol_120_plus_10pct
2025-08-01,0.8246347178030353,proxy_ewma_realized_vol_120_plus_10pct
2025-08-02,0.8229515171706895,proxy_ewma_realized_vol_120_plus_10pct
2025-08-03,0.8213845318629394,proxy_ewma_realized_vol_120_plus_10pct
2025-08-04,0.8168788908749801,proxy_ewma_realized_vol_120_plus_10pct
2025-08-05,0.8130849489573739,proxy_ewma_realized_vol_120_plus_10pct
2025-08-06,0.809678622270182,proxy_ewma_realized_vol_120_plus_10pct
2025-08-07,0.8033712143230586,proxy_ewma_realized_vol_120_plus_10pct
2025-08-08,0.7969005983182783,proxy_ewma_realized_vol_120_plus_10pct
2025-08-09,0.7898008038958565,proxy_ewma_realized_vol_120_plus_10pct
2025-08-10,0.7816317902262945,proxy_ewma_realized_vol_120_plus_10pct
2025-08-11,0.7745419284963193,proxy_ewma_realized_vol_120_plus_10pct
2025-08-12,0.7702521879107463,proxy_ewma_realized_vol_120_plus_10pct
2025-08-13,0.7667083151877075,proxy_ewma_realized_vol_120_plus_10pct
2025-08-14,0.7637470489427054,proxy_ewma_realized_vol_120_plus_10pct
2025-08-15,0.7613263874842686,proxy_ewma_realized_vol_120_plus_10pct
2025-08-16,0.7592007661446551,proxy_ewma_realized_vol_120_plus_10pct
2025-08-17,0.756917081974036,proxy_ewma_realized_vol_120_plus_10pct
2025-08-18,0.7552745629061733,proxy_ewma_realized_vol_120_plus_10pct
2025-08-19,0.7541593861048326,proxy_ewma_realized_vol_120_plus_10pct
2025-08-20,0.75234115821086,proxy_ewma_realized_vol_120_plus_10pct
2025-08-21,0.7510576741102774,proxy_ewma_realized_vol_120_plus_10pct
2025-08-22,0.752750763032862,proxy_ewma_realized_vol_120_plus_10pct
2025-08-23,0.7542893974632154,proxy_ewma_realized_vol_120_plus_10pct
2025-08-24,0.7556449776929771,proxy_ewma_realized_vol_120_plus_10pct
2025-08-25,0.7588207824412966,proxy_ewma_realized_vol_120_plus_10pct
2025-08-26,0.7621039269158325,proxy_ewma_realized_vol_120_plus_10pct
2025-08-27,0.7652754316266208,proxy_ewma_realized_vol_120_plus_10pct
2025-08-28,0.7687606905987505,proxy_ewma_realized_vol_120_plus_10pct
2025-08-29,0.7723149614028952,proxy_ewma_realized_vol_120_plus_10pct
2025-08-30,0.7754741031206217,proxy_ewma_realized_vol_120_plus_10pct
2025-08-31,0.7783398996313919,proxy_ewma_realized_vol_120_plus_10pct
2025-09-01,0.7809281977408657,proxy_ewma_realized_vol_120_plus_10pct
2025-09-02,0.7839853724561712,proxy_ewma_realized_vol_120_plus_10pct
2025-09-03,0.7867502448400966,proxy_ewma_realized_vol_120_plus_10pct
2025-09-04,0.7896419365184932,proxy_ewma_realized_vol_120_plus_10pct
2025-09-05,0.7895561073651675,proxy_ewma_realized_vol_120_plus_10pct
2025-09-06,0.7889475531219792,proxy_ewma_realized_vol_120_plus_10pct
2025-09-07,0.7884383100294442,proxy_ewma_realized_vol_120_plus_10pct
2025-09-08,0.7880788977215183,proxy_ewma_realized_vol_120_plus_10pct
2025-09-09,0.7877804408859879,proxy_ewma_realized_vol_120_plus_10pct
2025-09-10,0.7870465431449244,proxy_ewma_realized_vol_120_plus_10pct
2025-09-11,0.7860572522499253,proxy_ewma_realized_vol_120_plus_10pct
2025-09-12,0.7853757565059142,proxy_ewma_realized_vol_120_plus_10pct
2025-09-13,0.7847183518633417,proxy_ewma_realized_vol_120_plus_10pct
2025-09-14,0.7841236483375285,proxy_ewma_realized_vol_120_plus_10pct
2025-09-15,0.7833286196770524,proxy_ewma_realized_vol_120_plus_10pct
2025-09-16,0.7821845841733892,proxy_ewma_realized_vol_120_plus_10pct
2025-09-17,0.7813405141871611,proxy_ewma_realized_vol_120_plus_10pct
2025-09-18,0.7804216077313758,proxy_ewma_realized_vol_120_plus_10pct
2025-09-19,0.7797327207816261,proxy_ewma_realized_vol_120_plus_10pct
2025-09-20,0.7788158046943683,proxy_ewma_realized_vol_120_plus_10pct
2025-09-21,0.7780228612424026,proxy_ewma_realized_vol_120_plus_10pct
2025-09-22,0.778441970823464,proxy_ewma_realized_vol_120_plus_10pct
2025-09-23,0.7790584757656237,proxy_ewma_realized_vol_120_plus_10pct
2025-09-24,0.7796290094815976,proxy_ewma_realized_vol_120_plus_10pct
2025-09-25,0.7819114185450083,proxy_ewma_realized_vol_120_plus_10pct
2025-09-26,0.7846499883157034,proxy_ewma_realized_vol_120_plus_10pct
2025-09-27,0.7862336061682358,proxy_ewma_realized_vol_120_plus_10pct
2025-09-28,0.7878930328416088,proxy_ewma_realized_vol_120_plus_10pct
2025-09-29,0.7894040180127405,proxy_ewma_realized_vol_120_plus_10pct
2025-09-30,0.7908767672923961,proxy_ewma_realized_vol_120_plus_10pct
2025-10-01,0.7929161412131916,proxy_ewma_realized_vol_120_plus_10pct
2025-10-02,0.7953668192364864,proxy_ewma_realized_vol_120_plus_10pct
2025-10-03,0.7967833206880106,proxy_ewma_realized_vol_120_plus_10pct
2025-10-04,0.7981352171872068,proxy_ewma_realized_vol_120_plus_10pct
2025-10-05,0.7993339186548313,proxy_ewma_realized_vol_120_plus_10pct
2025-10-06,0.8004280092688736,proxy_ewma_realized_vol_120_plus_10pct
2025-10-07,0.8014784532712009,proxy_ewma_realized_vol_120_plus_10pct
2025-10-08,0.8026094069806978,proxy_ewma_realized_vol_120_plus_10pct
2025-10-09,0.8037957546023587,proxy_ewma_realized_vol_120_plus_10pct
2025-10-10,0.8089532843602468,proxy_ewma_realized_vol_120_plus_10pct
2025-10-11,0.8141460640333688,proxy_ewma_realized_vol_120_plus_10pct
2025-10-12,0.8209608628576875,proxy_ewma_realized_vol_120_plus_10pct
2025-10-13,0.8271135272188568,proxy_ewma_realized_vol_120_plus_10pct
2025-10-14,0.8328293973816657,proxy_ewma_realized_vol_120_plus_10pct
2025-10-15,0.8382884849114607,proxy_ewma_realized_vol_120_plus_10pct
2025-10-16,0.843714005893108,proxy_ewma_realized_vol_120_plus_10pct
2025-10-17,0.8486798288881336,proxy_ewma_realized_vol_120_plus_10pct
2025-10-18,0.8528335388724888,proxy_ewma_realized_vol_120_plus_10pct
2025-10-19,0.8562881392118755,proxy_ewma_realized_vol_120_plus_10pct
2025-10-20,0.8592431426429765,proxy_ewma_realized_vol_120_plus_10pct
2025-10-21,0.8601443958732863,proxy_ewma_realized_vol_120_plus_10pct
2025-10-22,0.861169419348161,proxy_ewma_realized_vol_120_plus_10pct
2025-10-23,0.8627327294432626,proxy_ewma_realized_vol_120_plus_10pct
2025-10-24,0.863920786220205,proxy_ewma_realized_vol_120_plus_10pct
2025-10-25,0.8649231457001549,proxy_ewma_realized_vol_120_plus_10pct
2025-10-26,0.8653156428821103,proxy_ewma_realized_vol_120_plus_10pct
2025-10-27,0.8656514827323908,proxy_ewma_realized_vol_120_plus_10pct
2025-10-28,0.8660698919903159,proxy_ewma_realized_vol_120_plus_10pct
2025-10-29,0.8658684637747028,proxy_ewma_realized_vol_120_plus_10pct
2025-10-30,0.866037183433037,proxy_ewma_realized_vol_120_plus_10pct
2025-10-31,0.8662163416632874,proxy_ewma_realized_vol_120_plus_10pct
2025-11-01,0.8661652474661071,proxy_ewma_realized_vol_120_plus_10pct
2025-11-02,0.8661212906056057,proxy_ewma_realized_vol_120_plus_10pct
2025-11-03,0.8687375527659525,proxy_ewma_realized_vol_120_plus_10pct
2025-11-04,0.8718687515593964,proxy_ewma_realized_vol_120_plus_10pct
2025-11-05,0.8750268697627345,proxy_ewma_realized_vol_120_plus_10pct
2025-11-06,0.8780831023165404,proxy_ewma_realized_vol_120_plus_10pct
2025-11-07,0.8808436582083176,proxy_ewma_realized_vol_120_plus_10pct
2025-11-08,0.8834324593770488,proxy_ewma_realized_vol_120_plus_10pct
2025-11-09,0.886033973223715,proxy_ewma_realized_vol_120_plus_10pct
2025-11-10,0.8884399163416649,proxy_ewma_realized_vol_120_plus_10pct
2025-11-11,0.8917637573692389,proxy_ewma_realized_vol_120_plus_10pct
2025-11-12,0.8947677804650386,proxy_ewma_realized_vol_120_plus_10pct
2025-11-13,0.8973464468689101,proxy_ewma_realized_vol_120_plus_10pct
2025-11-14,0.900011315920958,proxy_ewma_realized_vol_120_plus_10pct
2025-11-15,0.9024129996215009,proxy_ewma_realized_vol_120_plus_10pct
2025-11-16,0.9046298453492928,proxy_ewma_realized_vol_120_plus_10pct
2025-11-17,0.9068906421449735,proxy_ewma_realized_vol_120_plus_10pct
2025-11-18,0.9088098003288171,proxy_ewma_realized_vol_120_plus_10pct
2025-11-19,0.9101654920469143,proxy_ewma_realized_vol_120_plus_10pct
2025-11-20,0.9103589801246276,proxy_ewma_realized_vol_120_plus_10pct
2025-11-21,0.9105473051457373,proxy_ewma_realized_vol_120_plus_10pct
2025-11-22,0.9106022925988744,proxy_ewma_realized_vol_120_plus_10pct
2025-11-23,0.9107793299399286,proxy_ewma_realized_vol_120_plus_10pct
2025-11-24,0.9115473608487836,proxy_ewma_realized_vol_120_plus_10pct
2025-11-25,0.9120585050429622,proxy_ewma_realized_vol_120_plus_10pct
2025-11-26,0.9126984592345594,proxy_ewma_realized_vol_120_plus_10pct
2025-11-27,0.9132459136571365,proxy_ewma_realized_vol_120_plus_10pct
2025-11-28,0.9136897410563227,proxy_ewma_realized_vol_120_plus_10pct
2025-11-29,0.9135298412652482,proxy_ewma_realized_vol_120_plus_10pct
2025-11-30,0.9133121039292774,proxy_ewma_realized_vol_120_plus_10pct
2025-12-01,0.9135096660814279,proxy_ewma_realized_vol_120_plus_10pct
2025-12-02,0.9150059160076413,proxy_ewma_realized_vol_120_plus_10pct
2025-12-03,0.9165652910116071,proxy_ewma_realized_vol_120_plus_10pct
2025-12-04,0.918163405710975,proxy_ewma_realized_vol_120_plus_10pct
2025-12-05,0.9195384823463747,proxy_ewma_realized_vol_120_plus_10pct
2025-12-06,0.920775119557323,proxy_ewma_realized_vol_120_plus_10pct
2025-12-07,0.9218115215546082,proxy_ewma_realized_vol_120_plus_10pct
2025-12-08,0.9227174291379054,proxy_ewma_realized_vol_120_plus_10pct
2025-12-09,0.9234484864574067,proxy_ewma_realized_vol_120_plus_10pct
2025-12-10,0.922285191106462,proxy_ewma_realized_vol_120_plus_10pct
2025-12-11,0.9206897768131547,proxy_ewma_realized_vol_120_plus_10pct
2025-12-12,0.9190418127700556,proxy_ewma_realized_vol_120_plus_10pct
2025-12-13,0.917346607170205,proxy_ewma_realized_vol_120_plus_10pct
2025-12-14,0.9158371857914186,proxy_ewma_realized_vol_120_plus_10pct
2025-12-15,0.9144765998017729,proxy_ewma_realized_vol_120_plus_10pct
2025-12-16,0.9129672385821485,proxy_ewma_realized_vol_120_plus_10pct
2025-12-17,0.9117524942376067,proxy_ewma_realized_vol_120_plus_10pct
2025-12-18,0.9098893429047902,proxy_ewma_realized_vol_120_plus_10pct
2025-12-19,0.9086015616419406,proxy_ewma_realized_vol_120_plus_10pct
2025-12-20,0.9047637298247813,proxy_ewma_realized_vol_120_plus_10pct
2025-12-21,0.9012183179246468,proxy_ewma_realized_vol_120_plus_10pct
2025-12-22,0.8979788509571183,proxy_ewma_realized_vol_120_plus_10pct
2025-12-23,0.8935124351555547,proxy_ewma_realized_vol_120_plus_10pct
2025-12-24,0.888987765544497,proxy_ewma_realized_vol_120_plus_10pct
2025-12-25,0.8846349628287652,proxy_ewma_realized_vol_120_plus_10pct
2025-12-26,0.880037618376988,proxy_ewma_realized_vol_120_plus_10pct
2025-12-27,0.8756712704005978,proxy_ewma_realized_vol_120_plus_10pct
2025-12-28,0.8717191018044775,proxy_ewma_realized_vol_120_plus_10pct
2025-12-29,0.868171682610117,proxy_ewma_realized_vol_120_plus_10pct
2025-12-30,0.8649780477406055,proxy_ewma_realized_vol_120_plus_10pct
2025-12-31,0.8611593402210699,proxy_ewma_realized_vol_120_plus_10pct
2026-01-01,0.8577865210130646,proxy_ewma_realized_vol_120_plus_10pct
2026-01-02,0.8549045585153334,proxy_ewma_realized_vol_120_plus_10pct
2026-01-03,0.8523140087634964,proxy_ewma_realized_vol_120_plus_10pct
2026-01-04,0.8499432194386767,proxy_ewma_realized_vol_120_plus_10pct
2026-01-05,0.8477907590160787,proxy_ewma_realized_vol_120_plus_10pct
2026-01-06,0.8456361798938022,proxy_ewma_realized_vol_120_plus_10pct
2026-01-07,0.8438292991091804,proxy_ewma_realized_vol_120_plus_10pct
2026-01-08,0.8420115487575093,proxy_ewma_realized_vol_120_plus_10pct
2026-01-09,0.8402840347835999,proxy_ewma_realized_vol_120_plus_10pct
2026-01-10,0.8378667952493909,proxy_ewma_realized_vol_120_plus_10pct
2026-01-11,0.835891375928334,proxy_ewma_realized_vol_120_plus_10pct
2026-01-12,0.8340999003639471,proxy_ewma_realized_vol_120_plus_10pct
2026-01-13,0.8328740147560841,proxy_ewma_realized_vol_120_plus_10pct
2026-01-14,0.8317551803678779,proxy_ewma_realized_vol_120_plus_10pct
2026-01-15,0.830605886188506,proxy_ewma_realized_vol_120_plus_10pct
2026-01-16,0.8296165462788284,proxy_ewma_realized_vol_120_plus_10pct
2026-01-17,0.8284887697194006,proxy_ewma_realized_vol_120_plus_10pct
2026-01-18,0.8277378138425768,proxy_ewma_realized_vol_120_plus_10pct
2026-01-19,0.8272336552641412,proxy_ewma_realized_vol_120_plus_10pct
2026-01-20,0.8265068105608099,proxy_ewma_realized_vol_120_plus_10pct
2026-01-21,0.8259240853540483,proxy_ewma_realized_vol_120_plus_10pct
2026-01-22,0.8253951244829689,proxy_ewma_realized_vol_120_plus_10pct
2026-01-23,0.8232165222079302,proxy_ewma_realized_vol_120_plus_10pct
2026-01-24,0.820145520509938,proxy_ewma_realized_vol_120_plus_10pct
2026-01-25,0.8182059650468636,proxy_ewma_realized_vol_120_plus_10pct
2026-01-26,0.8166456355407511,proxy_ewma_realized_vol_120_plus_10pct
2026-01-27,0.8153486746903834,proxy_ewma_realized_vol_120_plus_10pct
2026-01-28,0.8141440554068492,proxy_ewma_realized_vol_120_plus_10pct
2026-01-29,0.8127857072396083,proxy_ewma_realized_vol_120_plus_10pct
2026-01-30,0.8106405512095096,proxy_ewma_realized_vol_120_plus_10pct
2026-01-31,0.8107374892796615,proxy_ewma_realized_vol_120_plus_10pct
2026-02-01,0.8110803599131676,proxy_ewma_realized_vol_120_plus_10pct
2026-02-02,0.8117528879342382,proxy_ewma_realized_vol_120_plus_10pct
2026-02-03,0.8130205555222357,proxy_ewma_realized_vol_120_plus_10pct
2026-02-04,0.8142692763160057,proxy_ewma_realized_vol_120_plus_10pct
2026-02-05,0.8192293599182492,proxy_ewma_realized_vol_120_plus_10pct
2026-02-06,0.8267439371471079,proxy_ewma_realized_vol_120_plus_10pct
2026-02-07,0.8296012043433109,proxy_ewma_realized_vol_120_plus_10pct
2026-02-08,0.8316504780466855,proxy_ewma_realized_vol_120_plus_10pct
2026-02-09,0.8307179834975713,proxy_ewma_realized_vol_120_plus_10pct
2026-02-10,0.8293578481110139,proxy_ewma_realized_vol_120_plus_10pct
2026-02-11,0.8283274872290055,proxy_ewma_realized_vol_120_plus_10pct
2026-02-12,0.8271380287069878,proxy_ewma_realized_vol_120_plus_10pct
2026-02-13,0.8271492708974183,proxy_ewma_realized_vol_120_plus_10pct
2026-02-14,0.82769645819986,proxy_ewma_realized_vol_120_plus_10pct
2026-02-15,0.8279871246126522,proxy_ewma_realized_vol_120_plus_10pct
2026-02-16,0.8282652803727933,proxy_ewma_realized_vol_120_plus_10pct
2026-02-17,0.8284766961689266,proxy_ewma_realized_vol_120_plus_10pct
2026-02-18,0.8289020481865741,proxy_ewma_realized_vol_120_plus_10pct
2026-02-19,0.8292205730327027,proxy_ewma_realized_vol_120_plus_10pct
2026-02-20,0.8287481299747705,proxy_ewma_realized_vol_120_plus_10pct
2026-02-21,0.8282912657465525,proxy_ewma_realized_vol_120_plus_10pct
2026-02-22,0.8279678377407068,proxy_ewma_realized_vol_120_plus_10pct
2026-02-23,0.8280012384840155,proxy_ewma_realized_vol_120_plus_10pct
2026-02-24,0.8281488363724321,proxy_ewma_realized_vol_120_plus_10pct
2026-02-25,0.83117869370276,proxy_ewma_realized_vol_120_plus_10pct
2026-02-26,0.8339725473104661,proxy_ewma_realized_vol_120_plus_10pct
2026-02-27,0.8364261101219701,proxy_ewma_realized_vol_120_plus_10pct
2026-02-28,0.8388211268034532,proxy_ewma_realized_vol_120_plus_10pct
2026-03-01,0.8409902434665476,proxy_ewma_realized_vol_120_plus_10pct
2026-03-02,0.8432815504892816,proxy_ewma_realized_vol_120_plus_10pct
2026-03-03,0.8428336400847163,proxy_ewma_realized_vol_120_plus_10pct
2026-03-04,0.8421484264756882,proxy_ewma_realized_vol_120_plus_10pct
2026-03-05,0.8410786903684468,proxy_ewma_realized_vol_120_plus_10pct
2026-03-06,0.8400944342312471,proxy_ewma_realized_vol_120_plus_10pct
2026-03-07,0.838763243336252,proxy_ewma_realized_vol_120_plus_10pct
2026-03-08,0.8375345653785814,proxy_ewma_realized_vol_120_plus_10pct
2026-03-09,0.8364305982378013,proxy_ewma_realized_vol_120_plus_10pct
2026-03-10,0.8353743195438383,proxy_ewma_realized_vol_120_plus_10pct
2026-03-11,0.8333353365513225,proxy_ewma_realized_vol_120_plus_10pct
2026-03-12,0.8314985654640911,proxy_ewma_realized_vol_120_plus_10pct
2026-03-13,0.8293773856895944,proxy_ewma_realized_vol_120_plus_10pct
2026-03-14,0.827089583200052,proxy_ewma_realized_vol_120_plus_10pct
2026-03-15,0.8255560211185184,proxy_ewma_realized_vol_120_plus_10pct
2026-03-16,0.824577177379515,proxy_ewma_realized_vol_120_plus_10pct
2026-03-17,0.8232985755197124,proxy_ewma_realized_vol_120_plus_10pct
2026-03-18,0.8212876770568067,proxy_ewma_realized_vol_120_plus_10pct
2026-03-19,0.8193503116843575,proxy_ewma_realized_vol_120_plus_10pct
2026-03-20,0.8175383529897688,proxy_ewma_realized_vol_120_plus_10pct
2026-03-21,0.8157553419141607,proxy_ewma_realized_vol_120_plus_10pct
2026-03-22,0.8141729764248575,proxy_ewma_realized_vol_120_plus_10pct
2026-03-23,0.8134775219221516,proxy_ewma_realized_vol_120_plus_10pct
2026-03-24,0.8120281350113351,proxy_ewma_realized_vol_120_plus_10pct
2026-03-25,0.8107420388384017,proxy_ewma_realized_vol_120_plus_10pct
2026-03-26,0.8099924084355682,proxy_ewma_realized_vol_120_plus_10pct
2026-03-27,0.8095704655415012,proxy_ewma_realized_vol_120_plus_10pct
2026-03-28,0.8091083283421637,proxy_ewma_realized_vol_120_plus_10pct
2026-03-29,0.8086853442774343,proxy_ewma_realized_vol_120_plus_10pct
2026-03-30,0.8083085935141753,proxy_ewma_realized_vol_120_plus_10pct
2026-03-31,0.8074808319104214,proxy_ewma_realized_vol_120_plus_10pct
2026-04-01,0.8046802854976292,proxy_ewma_realized_vol_120_plus_10pct
2026-04-02,0.8017271782662612,proxy_ewma_realized_vol_120_plus_10pct
2026-04-03,0.7988623557028355,proxy_ewma_realized_vol_120_plus_10pct
2026-04-04,0.7959711159123161,proxy_ewma_realized_vol_120_plus_10pct
2026-04-05,0.7934132287567136,proxy_ewma_realized_vol_120_plus_10pct
2026-04-06,0.7911679851892052,proxy_ewma_realized_vol_120_plus_10pct
2026-04-07,0.7902773265751923,proxy_ewma_realized_vol_120_plus_10pct
2026-04-08,0.7893846299886259,proxy_ewma_realized_vol_120_plus_10pct
2026-04-09,0.7885996818271741,proxy_ewma_realized_vol_120_plus_10pct
2026-04-10,0.7879945170454552,proxy_ewma_realized_vol_120_plus_10pct
2026-04-11,0.7872922081112255,proxy_ewma_realized_vol_120_plus_10pct
2026-04-12,0.7869426012604674,proxy_ewma_realized_vol_120_plus_10pct
2026-04-13,0.7874549296183655,proxy_ewma_realized_vol_120_plus_10pct
2026-04-14,0.7881012633891352,proxy_ewma_realized_vol_120_plus_10pct
2026-04-15,0.7886995969213173,proxy_ewma_realized_vol_120_plus_10pct
2026-04-16,0.7893536484798103,proxy_ewma_realized_vol_120_plus_10pct
2026-04-17,0.7897838303876445,proxy_ewma_realized_vol_120_plus_10pct
2026-04-18,0.7896088025872489,proxy_ewma_realized_vol_120_plus_10pct
2026-04-19,0.7896239353470025,proxy_ewma_realized_vol_120_plus_10pct
2026-04-20,0.7897582203885932,proxy_ewma_realized_vol_120_plus_10pct
2026-04-21,0.7899048634578533,proxy_ewma_realized_vol_120_plus_10pct
2026-04-22,0.7900349021290335,proxy_ewma_realized_vol_120_plus_10pct
2026-04-23,0.7901441903069434,proxy_ewma_realized_vol_120_plus_10pct
2026-04-24,0.7901698353229194,proxy_ewma_realized_vol_120_plus_10pct
2026-04-25,0.7900959071095841,proxy_ewma_realized_vol_120_plus_10pct
2026-04-26,0.7899484723113808,proxy_ewma_realized_vol_120_plus_10pct
2026-04-27,0.7899163689505679,proxy_ewma_realized_vol_120_plus_10pct
2026-04-28,0.7898530327387839,proxy_ewma_realized_vol_120_plus_10pct
2026-04-29,0.7897491009289295,proxy_ewma_realized_vol_120_plus_10pct
2026-04-30,0.7896564523031625,proxy_ewma_realized_vol_120_plus_10pct
2026-05-01,0.7895016084192124,proxy_ewma_realized_vol_120_plus_10pct
2026-05-02,0.7889206562075658,proxy_ewma_realized_vol_120_plus_10pct
2026-05-03,0.7883634151236122,proxy_ewma_realized_vol_120_plus_10pct
2026-05-04,0.7878526118017029,proxy_ewma_realized_vol_120_plus_10pct
2026-05-05,0.7873326295102251,proxy_ewma_realized_vol_120_plus_10pct
2026-05-06,0.7870040982175018,proxy_ewma_realized_vol_120_plus_10pct
2026-05-07,0.7864976217466569,proxy_ewma_realized_vol_120_plus_10pct
2026-05-08,0.7863868246748797,proxy_ewma_realized_vol_120_plus_10pct
2026-05-09,0.7862851119093748,proxy_ewma_realized_vol_120_plus_10pct
2026-05-10,0.7865082258955395,proxy_ewma_realized_vol_120_plus_10pct
2026-05-11,0.7865401059184006,proxy_ewma_realized_vol_120_plus_10pct
2026-05-12,0.7867586500389474,proxy_ewma_realized_vol_120_plus_10pct
2026-05-13,0.7866644352610341,proxy_ewma_realized_vol_120_plus_10pct
2026-05-14,0.7865922165176533,proxy_ewma_realized_vol_120_plus_10pct
2026-05-15,0.7865503776331481,proxy_ewma_realized_vol_120_plus_10pct
2026-05-16,0.7865695840929837,proxy_ewma_realized_vol_120_plus_10pct
2026-05-17,0.7866160669751859,proxy_ewma_realized_vol_120_plus_10pct
2026-05-18,0.7863656376560124,proxy_ewma_realized_vol_120_plus_10pct
2026-05-19,0.7859492580226808,proxy_ewma_realized_vol_120_plus_10pct
2026-05-20,0.7850371846030936,proxy_ewma_realized_vol_120_plus_10pct
2026-05-21,0.7840367465907588,proxy_ewma_realized_vol_120_plus_10pct
2026-05-22,0.7833289525939371,proxy_ewma_realized_vol_120_plus_10pct
2026-05-23,0.782763838430939,proxy_ewma_realized_vol_120_plus_10pct
2026-05-24,0.782253582007926,proxy_ewma_realized_vol_120_plus_10pct
2026-05-25,0.7808898744970332,proxy_ewma_realized_vol_120_plus_10pct
2026-05-26,0.7791815093460486,proxy_ewma_realized_vol_120_plus_10pct
2026-05-27,0.777508015269018,proxy_ewma_realized_vol_120_plus_10pct
2026-05-28,0.7759592893898345,proxy_ewma_realized_vol_120_plus_10pct
2026-05-29,0.7737891454066185,proxy_ewma_realized_vol_120_plus_10pct
2026-05-30,0.7718483358398749,proxy_ewma_realized_vol_120_plus_10pct
2026-05-31,0.7677217567526531,proxy_ewma_realized_vol_120_plus_10pct
2026-06-01,0.7635985263662989,proxy_ewma_realized_vol_120_plus_10pct
2026-06-02,0.761226690312967,proxy_ewma_realized_vol_120_plus_10pct
2026-06-03,0.7583419177656305,proxy_ewma_realized_vol_120_plus_10pct
2026-06-04,0.7553625642926313,proxy_ewma_realized_vol_120_plus_10pct
2026-06-05,0.7485071654346892,proxy_ewma_realized_vol_120_plus_10pct
2026-06-06,0.7385331383048974,proxy_ewma_realized_vol_120_plus_10pct
2026-06-07,0.7307745374422175,proxy_ewma_realized_vol_120_plus_10pct
2026-06-08,0.7237702786921477,proxy_ewma_realized_vol_120_plus_10pct
2026-06-09,0.717608157806831,proxy_ewma_realized_vol_120_plus_10pct
2026-06-10,0.711742803990219,proxy_ewma_realized_vol_120_plus_10pct
2026-06-11,0.706889084022311,proxy_ewma_realized_vol_120_plus_10pct
2026-06-12,0.7024679249817516,proxy_ewma_realized_vol_120_plus_10pct
2026-06-13,0.6971443867475571,proxy_ewma_realized_vol_120_plus_10pct
2026-06-14,0.6920555016503662,proxy_ewma_realized_vol_120_plus_10pct
2026-06-15,0.6877523891586605,proxy_ewma_realized_vol_120_plus_10pct
2026-06-16,0.6838626674751677,proxy_ewma_realized_vol_120_plus_10pct
2026-06-17,0.6803964054960885,proxy_ewma_realized_vol_120_plus_10pct
2026-06-18,0.6770495571245095,proxy_ewma_realized_vol_120_plus_10pct
2026-06-19,0.6739895617136387,proxy_ewma_realized_vol_120_plus_10pct
2026-06-20,0.6716982441204138,proxy_ewma_realized_vol_120_plus_10pct
2026-06-21,0.6696339045731304,proxy_ewma_realized_vol_120_plus_10pct
